Time,Day_of_week,Sex_of_driver,Educational_level,Vehicle_driver_relation,Driving_experience,Type_of_vehicle,Owner_of_vehicle,Service_year_of_vehicle,Defect_of_vehicle,Area_accident_occured,Lanes_or_Medians,Road_allignment,Types_of_Junction,Road_surface_type,Road_surface_conditions,Light_conditions,Weather_conditions,Type_of_collision,Number_of_vehicles_involved,Number_of_casualties,Vehicle_movement,Age_band_of_casualty,Pedestrian_movement,Cause_of_accident,Accident_severity
19:10:00,Thursday,Male,High school,Employee,No Licence,Pick up upto 10Q,Governmental,Below 1yr,No defect,Residential areas,Two-way (divided with broken lines road marking),Tangent road with flat terrain,Y Shape,Asphalt roads,Dry,Daylight,Normal,Rollover,2,1,Going straight,18-30,Not a Pedestrian,Driving under the influence of drugs,Slight Injury
12:40:00,Thursday,Male,Junior high school,Owner,5-10yr,Lorry (11?40Q),Owner,Unknown,No defect,Other,One way,Tangent road with flat terrain,Y Shape,Asphalt roads,Dry,Daylight,Normal,Rollover,1,1,Going straight,na,Not a Pedestrian,Moving Backward,Slight Injury
20:44:00,Friday,Male,Junior high school,Employee,1-2yr,Pick up upto 10Q,Owner,Unknown,unknown, Industrial areas,Two-way (divided with broken lines road marking),Tangent road with flat terrain,No junction,Asphalt roads,Dry,Darkness - lights lit,Normal,Collision with pedestrians,2,1,Going straight,na,Not a Pedestrian,Changing lane to the left,Slight Injury
20:44:00,Friday,Male,Junior high school,Employee,2-5yr,Special vehicle,Owner,Unknown,unknown, Church areas,Two-way (divided with broken lines road marking),Tangent road with flat terrain,No junction,Asphalt roads,Dry,Darkness - lights lit,Normal,Vehicle with vehicle collision,2,1,Moving Backward,18-30,Not a Pedestrian,No priority to pedestrian,Slight Injury
13:00:00,Saturday,Male,Junior high school,Employee,5-10yr,Lorry (11?40Q),Owner,2-5yrs,No defect,Residential areas,Undivided Two way,Steep grade downward with mountainous terrain,Crossing,Asphalt roads,Dry,Daylight,Normal,Vehicle with vehicle collision,2,1,Moving Backward,na,Not a Pedestrian,No distancing,Slight Injury
13:00:00,Saturday,Male,unknown,unknown,unknown,unknown,unknown,unknown,unknown,unknown,Two-way (divided with broken lines road marking),Tangent road with flat terrain,Crossing,Asphalt roads,Dry,Daylight,Normal,Vehicle with vehicle collision,2,1,Moving Backward,18-30,Not a Pedestrian,No distancing,Slight Injury
09:30:00,Sunday,Male,unknown,unknown,unknown,unknown,unknown,unknown,unknown,unknown,Two-way (divided with broken lines road marking),Tangent road with flat terrain,Y Shape,Asphalt roads,Dry,Daylight,Normal,Collision with pedestrians,1,1,Other,na,Not a Pedestrian,Changing lane to the left,Slight Injury
16:36:00,Monday,Male,Junior high school,Employee,2-5yr,Lorry (41?100Q),Owner,1-2yr,No defect,Office areas,Undivided Two way,Tangent road with flat terrain,Y Shape,Asphalt roads,Dry,Daylight,Normal,Collision with pedestrians,2,2,Going straight,Over 51,Not a Pedestrian,Changing lane to the right,Slight Injury
16:36:00,Monday,Male,Junior high school,Employee,Above 10yr,Other,Owner,Above 10yr,No defect, Outside rural areas,Two-way (divided with broken lines road marking),Tangent road with mountainous terrain and,Y Shape,Asphalt roads,Dry,Daylight,Normal,Vehicle with vehicle collision,2,2,Unknown,31-50,Not a Pedestrian,Driving carelessly,Slight Injury
08:00:00,Wednesday,Male,Junior high school,Owner,Above 10yr,Other,Owner,Above 10yr,No defect, Church areas,Two-way (divided with broken lines road marking),Steep grade downward with mountainous terrain,Y Shape,Asphalt roads,Dry,Daylight,Normal,Vehicle with vehicle collision,1,1,Turnover,na,Not a Pedestrian,No distancing,Serious Injury
14:00:00,Wednesday,Male,unknown,unknown,unknown,Automobile,Owner,unknown,No defect,Office areas,other,Tangent road with mountainous terrain and,Y Shape,Asphalt roads,Dry,Daylight,Normal,Vehicle with vehicle collision,2,1,Getting off,na,Not a Pedestrian,Changing lane to the left,Slight Injury
14:00:00,Wednesday,Male,Elementary school,Owner,Above 10yr,Other,Owner,Above 10yr,unknown, Church areas,Two-way (divided with broken lines road marking),Steep grade downward with mountainous terrain,Y Shape,Asphalt roads,Dry,Daylight,Normal,Collision with roadside objects,2,1,Going straight,Over 51,Not a Pedestrian,Moving Backward,Slight Injury
18:20:00,Wednesday,Male,unknown,unknown,unknown,Automobile,unknown,unknown,unknown,Office areas,other,Tangent road with mountainous terrain and,Y Shape,Asphalt roads,Dry,Daylight,Normal,Vehicle with vehicle collision,1,1,Going straight,18-30,Not a Pedestrian,No distancing,Slight Injury
08:30:00,Wednesday,Male,Junior high school,Owner,5-10yr,Public (13?45 seats),Governmental,unknown,No defect,Office areas,Undivided Two way,Tangent road with flat terrain,Y Shape,Asphalt roads,Dry,Daylight,Normal,Collision with roadside objects,2,1,Going straight,na,Not a Pedestrian,No priority to pedestrian,Slight Injury
08:30:00,Wednesday,Male,Junior high school,Owner,Above 10yr,Lorry (41?100Q),Owner,1-2yr,No defect,School areas,Two-way (divided with broken lines road marking),Tangent road with flat terrain,Y Shape,Asphalt roads,Dry,Daylight,Normal,Vehicle with vehicle collision,2,1,Turnover,na,Not a Pedestrian,Changing lane to the left,Slight Injury
13:32:00,Wednesday,Male,High school,Owner,Above 10yr,unknown,Owner,Below 1yr,No defect,Residential areas,Two-way (divided with broken lines road marking),Tangent road with flat terrain,No junction,Asphalt roads,Dry,Daylight,Normal,Vehicle with vehicle collision,2,2,Reversing,31-50,Not a Pedestrian,No distancing,Serious Injury
13:32:00,Wednesday,Male,unknown,unknown,unknown,Automobile,Owner,unknown,No defect,Office areas,other,Tangent road with mountainous terrain and,No junction,Asphalt roads,Dry,Daylight,Normal,Collision with roadside objects,2,2,Moving Backward,31-50,Not a Pedestrian,Driving carelessly,Serious Injury
14:10:00,Wednesday,Male,Elementary school,Employee,5-10yr,unknown,Owner,Unknown,No defect,Rural village areasOffice areas,other,Tangent road with flat terrain,No junction,Asphalt roads,Dry,Daylight,Normal,Vehicle with vehicle collision,1,1,Other,31-50,Not a Pedestrian,No priority to vehicle,Slight Injury
16:25:00,Wednesday,Male,Elementary school,Owner,Above 10yr,Lorry (41?100Q),Owner,Unknown,No defect,Other,Two-way (divided with broken lines road marking),Tangent road with flat terrain,No junction,Asphalt roads,Dry,Daylight,Normal,Vehicle with vehicle collision,2,1,Going straight,Over 51,Not a Pedestrian,Changing lane to the right,Slight Injury
16:25:00,Wednesday,Male,Junior high school,Owner,Below 1yr,unknown,Owner,Unknown,No defect,Residential areas,Undivided Two way,Tangent road with flat terrain,No junction,Asphalt roads,Dry,Daylight,Normal,Collision with roadside objects,2,1,Going straight,18-30,Not a Pedestrian,Moving Backward,Slight Injury
19:09:00,Friday,Male,Junior high school,Owner,2-5yr,Lorry (41?100Q),Owner,Unknown,No defect,Office areas,Undivided Two way,Tangent road with flat terrain,O Shape,Asphalt roads,Dry,Daylight,Normal,Collision with roadside objects,2,1,Going straight,Under 18,Not a Pedestrian,No priority to vehicle,Slight Injury
19:09:00,Friday,Male,Junior high school,Owner,2-5yr,Taxi,Owner,Unknown,No defect,Office areas,Undivided Two way,Tangent road with flat terrain,O Shape,Asphalt roads,Dry,Daylight,Normal,Vehicle with vehicle collision,2,1,Going straight,18-30,Not a Pedestrian,No priority to pedestrian,Slight Injury
13:20:00,Thursday,Male,High school,Owner,5-10yr,Lorry (41?100Q),Owner,Unknown,No defect,Residential areas,Undivided Two way,Tangent road with flat terrain,Crossing,Asphalt roads,Dry,Daylight,Normal,Vehicle with vehicle collision,1,1,Going straight,na,Not a Pedestrian,Changing lane to the left,Serious Injury
18:50:00,Thursday,Male,Junior high school,Owner,unknown,Lorry (41?100Q),Owner,Unknown,No defect,Office areas,Undivided Two way,Tangent road with flat terrain,Y Shape,Asphalt roads,Dry,Daylight,Normal,Vehicle with vehicle collision,2,1,Going straight,18-30,Not a Pedestrian,Changing lane to the left,Slight Injury
18:50:00,Thursday,Male,unknown,Owner,Below 1yr,Other,Owner,Unknown,No defect,Office areas,Undivided Two way,Tangent road with flat terrain,Y Shape,Asphalt roads,Dry,Daylight,Normal,Vehicle with vehicle collision,2,1,Going straight,Over 51,Not a Pedestrian,Driving under the influence of drugs,Slight Injury
18:05:00,Thursday,Male,Elementary school,Owner,Above 10yr,Stationwagen,Owner,Unknown,No defect,Office areas,unknown,Tangent road with flat terrain,Y Shape,Asphalt roads,Dry,Daylight,Normal,Vehicle with vehicle collision,2,1,Going straight,na,Not a Pedestrian,Moving Backward,Slight Injury
18:05:00,Thursday,Male,Elementary school,Owner,Below 1yr,Stationwagen,Owner,Unknown,No defect,Office areas,Two-way (divided with broken lines road marking),Tangent road with flat terrain,Y Shape,Asphalt roads,Dry,Daylight,Normal,Vehicle with vehicle collision,2,1,Going straight,na,Not a Pedestrian,Changing lane to the right,Slight Injury
11:30:00,Wednesday,Male,Junior high school,Owner,5-10yr,Lorry (41?100Q),Owner,Unknown,No defect,Other,Undivided Two way,Tangent road with flat terrain,Y Shape,Asphalt roads,Wet or damp,Daylight,Raining,Vehicle with vehicle collision,3,1,Other,na,Not a Pedestrian,Changing lane to the right,Slight Injury
11:30:00,Wednesday,Male,Junior high school,Owner,5-10yr,Lorry (41?100Q),Owner,Unknown,No defect,Other,Two-way (divided with broken lines road marking),Tangent road with flat terrain,Y Shape,Asphalt roads,Wet or damp,Daylight,Raining,Vehicle with vehicle collision,3,1,Moving Backward,na,Not a Pedestrian,No distancing,Slight Injury
11:30:00,Wednesday,Male,unknown,Owner,unknown,Other,Owner,2-5yrs,unknown,Other,Two-way (divided with broken lines road marking),Tangent road with flat terrain,Y Shape,Asphalt roads,Wet or damp,Daylight,Raining,Vehicle with vehicle collision,3,1,Going straight,na,Not a Pedestrian,Moving Backward,Slight Injury
18:45:00,Saturday,Male,Junior high school,Employee,1-2yr,Automobile,Owner,2-5yrs,unknown,Residential areas,One way,Tangent road with flat terrain,Y Shape,Asphalt roads,Dry,Daylight,Normal,Vehicle with vehicle collision,2,1,Moving Backward,Under 18,Not a Pedestrian,No distancing,Slight Injury
18:45:00,Saturday,Male,High school,Owner,5-10yr,unknown,Owner,2-5yrs,unknown,School areas,Undivided Two way,Tangent road with mild grade and flat terrain,Y Shape,Asphalt roads,Dry,Daylight,Normal,Vehicle with vehicle collision,2,1,Going straight,18-30,Not a Pedestrian,Driving carelessly,Slight Injury
10:34:00,Sunday,Male,Junior high school,Employee,5-10yr,Taxi,Owner,2-5yrs,unknown,Residential areas,Undivided Two way,Tangent road with mild grade and flat terrain,Crossing,Asphalt roads,Dry,Daylight,Normal,Vehicle with vehicle collision,1,1,Moving Backward,18-30,Not a Pedestrian,No priority to pedestrian,Slight Injury
19:38:00,Monday,Male,Junior high school,Employee,5-10yr,Lorry (41?100Q),Owner,2-5yrs,No defect,Office areas,Two-way (divided with broken lines road marking),Tangent road with flat terrain,No junction,Asphalt roads,Dry,Daylight,Normal,Vehicle with vehicle collision,1,1,unknown,na,Not a Pedestrian,No priority to vehicle,Slight Injury
18:33:00,Monday,Male,Junior high school,Employee,5-10yr,Other,Owner,unknown,No defect, Church areas,One way,Tangent road with flat terrain,Crossing,Asphalt roads,Dry,Daylight,Normal,Vehicle with vehicle collision,2,1,Going straight,na,Not a Pedestrian,Moving Backward,Slight Injury
18:33:00,Monday,Male,Junior high school,Employee,Above 10yr,Automobile,Owner,unknown,No defect,Other,Undivided Two way,Tangent road with flat terrain,Crossing,Asphalt roads,Dry,Daylight,Normal,Vehicle with vehicle collision,2,1,Going straight,18-30,Not a Pedestrian,Changing lane to the right,Slight Injury
20:00:00,Monday,Male,Junior high school,Employee,5-10yr,Public (> 45 seats),Owner,2-5yrs,No defect,Other,One way,Tangent road with flat terrain,No junction,Asphalt roads,Dry,Daylight,Normal,Vehicle with vehicle collision,1,1,Going straight,31-50,Not a Pedestrian,No distancing,Slight Injury
18:30:00,Wednesday,Male,Junior high school,Employee,No Licence,Stationwagen,Owner,5-10yrs,No defect,Other,Two-way (divided with broken lines road marking),Tangent road with flat terrain,Crossing,Asphalt roads,Dry,Daylight,Normal,Vehicle with vehicle collision,2,1,Going straight,Over 51,Not a Pedestrian,Driving carelessly,Slight Injury
18:30:00,Wednesday,Male,Above high school,Employee,Below 1yr,Automobile,Owner,unknown,No defect,Other,Two-way (divided with broken lines road marking),Tangent road with flat terrain,Crossing,Asphalt roads,Dry,Daylight,Normal,Vehicle with vehicle collision,2,1,Other,18-30,Not a Pedestrian,Changing lane to the left,Slight Injury
16:25:00,Tuesday,Male,Elementary school,Employee,5-10yr,Lorry (41?100Q),Owner,unknown,No defect,Office areas,Undivided Two way,Tangent road with flat terrain,Y Shape,Asphalt roads,Dry,Daylight,Normal,Collision with roadside objects,2,1,Going straight,na,Not a Pedestrian,Moving Backward,Slight Injury
16:25:00,Tuesday,Male,Elementary school,Employee,5-10yr,Other,Owner,unknown,No defect,Office areas,Two-way (divided with solid lines road marking),Tangent road with flat terrain,Y Shape,Asphalt roads,Dry,Daylight,Normal,Vehicle with vehicle collision,2,1,Moving Backward,Over 51,Not a Pedestrian,No distancing,Slight Injury
17:35:00,Tuesday,Male,Junior high school,Employee,5-10yr,Public (13?45 seats),Owner,Unknown,No defect,Residential areas,Undivided Two way,Tangent road with flat terrain,Crossing,Asphalt roads,Dry,Daylight,Normal,Collision with pedestrians,2,1,Moving Backward,na,Not a Pedestrian,Changing lane to the right,Slight Injury
17:35:00,Tuesday,Male,High school,Employee,5-10yr,Other,Owner,Unknown,No defect,Office areas,One way,Tangent road with flat terrain,Crossing,Asphalt roads,Dry,Daylight,Normal,Vehicle with vehicle collision,2,1,Moving Backward,Over 51,Unknown or other,No priority to vehicle,Slight Injury
07:48:00,Wednesday,Male,Junior high school,Employee,5-10yr,Other,Owner,Unknown,No defect,Residential areas,Two-way (divided with broken lines road marking),Tangent road with flat terrain,Crossing,Asphalt roads,Dry,Daylight,Normal,Collision with roadside objects,2,1,Going straight,na,Not a Pedestrian,Getting off the vehicle improperly,Slight Injury
07:48:00,Wednesday,Male,Junior high school,Employee,2-5yr,Ridden horse,Owner,Unknown,No defect,Office areas,Undivided Two way,Tangent road with flat terrain,Crossing,Asphalt roads,Dry,Daylight,Normal,Vehicle with vehicle collision,2,1,Going straight,na,Not a Pedestrian,No distancing,Slight Injury
15:15:00,Saturday,Male,Writing & reading,Employee,5-10yr,Lorry (41?100Q),Owner,Unknown,No defect,Other,Two-way (divided with broken lines road marking),Tangent road with flat terrain,No junction,Asphalt roads,Dry,Daylight,Normal,Vehicle with vehicle collision,1,1,Going straight,18-30,Not a Pedestrian,No distancing,Slight Injury
18:08:00,Saturday,Male,Junior high school,Employee,Above 10yr,Lorry (41?100Q),Owner,Unknown,No defect,Office areas,One way,Tangent road with flat terrain,Y Shape,Asphalt roads,Dry,Daylight,Normal,Vehicle with vehicle collision,2,1,Going straight,18-30,Not a Pedestrian,Changing lane to the left,Slight Injury
18:08:00,Saturday,Male,Junior high school,Employee,1-2yr,Pick up upto 10Q,Owner,Unknown,No defect,School areas,Undivided Two way,Tangent road with flat terrain,Y Shape,Asphalt roads,Dry,Daylight,Normal,Vehicle with vehicle collision,2,1,Other,Under 18,Not a Pedestrian,No priority to vehicle,Slight Injury
14:44:00,Friday,Male,Writing & reading,Employee,Below 1yr,Lorry (11?40Q),Owner,unknown,unknown,Residential areas,One way,Tangent road with flat terrain,Crossing,Asphalt roads,Dry,Daylight,Normal,Vehicle with vehicle collision,1,1,Going straight,31-50,Not a Pedestrian,Driving carelessly,Slight Injury
10:13:00,Friday,Male,Elementary school,Employee,1-2yr,Automobile,Owner,unknown,unknown,Office areas,Undivided Two way,Tangent road with flat terrain,Y Shape,Asphalt roads,Dry,Daylight,Normal,Rollover,1,1,Going straight,31-50,Not a Pedestrian,Changing lane to the right,Slight Injury
17:30:00,Friday,Male,Junior high school,Employee,5-10yr,Automobile,Owner,Unknown,No defect,Residential areas,Undivided Two way,Tangent road with flat terrain,Y Shape,Asphalt roads,Dry,Daylight,Normal,Collision with roadside objects,2,1,Going straight,31-50,Not a Pedestrian,No distancing,Slight Injury
17:30:00,Friday,Female,Junior high school,Employee,1-2yr,Lorry (11?40Q),Owner,Unknown,No defect,Office areas,Undivided Two way,Tangent road with flat terrain,Y Shape,Asphalt roads,Dry,Daylight,Normal,Vehicle with vehicle collision,2,1,Reversing,na,Not a Pedestrian,Changing lane to the right,Slight Injury
13:30:00,Friday,Male,Elementary school,Owner,5-10yr,Motorcycle,Owner,2-5yrs,No defect,Office areas,Two-way (divided with broken lines road marking),Tangent road with flat terrain,No junction,Asphalt roads,Dry,Daylight,Normal,Vehicle with vehicle collision,2,1,Moving Backward,18-30,Not a Pedestrian,No distancing,Slight Injury
13:30:00,Friday,Male,Junior high school,Employee,2-5yr,Lorry (41?100Q),Owner,unknown,unknown,Residential areas,Undivided Two way,Tangent road with flat terrain,No junction,Asphalt roads,Dry,Daylight,Normal,Collision with roadside objects,2,1,Going straight,18-30,Crossing from nearside - masked by parked or statioNot a Pedestrianry vehicle,Driving under the influence of drugs,Slight Injury
10:00:00,Thursday,Male,Junior high school,Owner,Below 1yr,Stationwagen,Owner,Unknown,unknown,Other,Two-way (divided with broken lines road marking),Tangent road with flat terrain,No junction,Asphalt roads,Dry,Daylight,Normal,Vehicle with vehicle collision,2,1,Going straight,18-30,Not a Pedestrian,Changing lane to the left,Serious Injury
10:00:00,Thursday,Male,Writing & reading,Employee,5-10yr,Automobile,Owner,Above 10yr,unknown, Industrial areas,Undivided Two way,Tangent road with flat terrain,No junction,Asphalt roads,Dry,Daylight,Normal,Vehicle with vehicle collision,2,1,Reversing,18-30,Not a Pedestrian,Getting off the vehicle improperly,Serious Injury
08:20:00,Tuesday,Male,Writing & reading,Employee,5-10yr,Other,Owner,Unknown,unknown,Office areas,Two-way (divided with broken lines road marking),Tangent road with flat terrain,Y Shape,Asphalt roads,Dry,Daylight,Normal,Vehicle with vehicle collision,1,1,Going straight,na,Not a Pedestrian,Overloading,Slight Injury
14:05:00,Tuesday,Male,Junior high school,Employee,5-10yr,Other,Organization,Unknown,unknown,  Recreational areas,Two-way (divided with broken lines road marking),Tangent road with flat terrain,Y Shape,Asphalt roads,Dry,Daylight,Normal,Vehicle with vehicle collision,2,1,Reversing,na,Not a Pedestrian,Driving carelessly,Slight Injury
14:05:00,Tuesday,Male,Junior high school,Employee,2-5yr,Taxi,Owner,1-2yr,No defect,Residential areas,Two-way (divided with broken lines road marking),Tangent road with flat terrain,Y Shape,Asphalt roads,Dry,Daylight,Normal,Vehicle with vehicle collision,2,1,Other,18-30,Not a Pedestrian,Overtaking,Slight Injury
11:50:00,Tuesday,Male,Junior high school,Employee,Above 10yr,Automobile,Owner,Above 10yr,unknown,Residential areas,Undivided Two way,Tangent road with flat terrain,Y Shape,Asphalt roads,Dry,Daylight,Normal,Vehicle with vehicle collision,2,1,unknown,Under 18,Not a Pedestrian,No distancing,Slight Injury
11:50:00,Tuesday,Male,Junior high school,Employee,5-10yr,Long lorry,Owner,5-10yrs,unknown, Church areas,Undivided Two way,Steep grade downward with mountainous terrain,Y Shape,Asphalt roads,Dry,Daylight,Normal,Collision with pedestrians,2,1,Going straight,18-30,Not a Pedestrian,Overturning,Slight Injury
18:59:00,Tuesday,Male,Junior high school,Employee,Above 10yr,Long lorry,Owner,5-10yrs,unknown,Residential areas,Undivided Two way,Tangent road with flat terrain,No junction,Asphalt roads,Dry,Daylight,Normal,Vehicle with vehicle collision,1,1,Going straight,31-50,Crossing from nearside - masked by parked or statioNot a Pedestrianry vehicle,Driving carelessly,Slight Injury
18:57:00,Wednesday,Male,Junior high school,Employee,2-5yr,Lorry (41?100Q),Owner,Unknown,No defect,unknown,other,Tangent road with flat terrain,Crossing,Asphalt roads,Dry,Daylight,Normal,Collision with roadside objects,2,1,Going straight,31-50,Not a Pedestrian,No priority to pedestrian,Slight Injury
18:57:00,Wednesday,Male,Junior high school,Employee,Below 1yr,Lorry (41?100Q),Owner,5-10yrs,No defect,Other,Undivided Two way,Tangent road with flat terrain,Crossing,Asphalt roads,Dry,Daylight,Normal,Vehicle with vehicle collision,2,1,Going straight,na,Not a Pedestrian,No distancing,Slight Injury
02:45:00,Thursday,Male,Junior high school,Employee,Below 1yr,Lorry (11?40Q),Owner,Unknown,unknown,Other,Two-way (divided with solid lines road marking),Tangent road with flat terrain,No junction,Asphalt roads,Dry,Darkness - lights lit,Normal,Vehicle with vehicle collision,2,2,Going straight,Under 18,Not a Pedestrian,No priority to vehicle,Slight Injury
02:45:00,Thursday,Male,Junior high school,Owner,5-10yr,Automobile,Owner,Unknown,No defect, Church areas,Two-way (divided with solid lines road marking),Tangent road with flat terrain,No junction,Asphalt roads,Dry,Darkness - lights lit,Normal,Vehicle with vehicle collision,2,2,Going straight,na,Not a Pedestrian,Getting off the vehicle improperly,Slight Injury
02:45:00,Thursday,Female,Junior high school,Employee,2-5yr,Taxi,Governmental,unknown,No defect,Other,Two-way (divided with solid lines road marking),Tangent road with flat terrain,No junction,Asphalt roads,Dry,Darkness - lights lit,Normal,Vehicle with vehicle collision,2,2,Going straight,Under 18,Crossing from nearside - masked by parked or statioNot a Pedestrianry vehicle,No priority to pedestrian,Slight Injury
06:00:00,Sunday,Male,Elementary school,Employee,Below 1yr,Other,Owner,Unknown,No defect, Church areas,Two-way (divided with solid lines road marking),Tangent road with flat terrain,Crossing,Asphalt roads,Dry,Daylight,Normal,Vehicle with vehicle collision,2,1,Going straight,na,Not a Pedestrian,Changing lane to the right,Slight Injury
06:00:00,Sunday,Male,Junior high school,Employee,2-5yr,Automobile,Owner,Unknown,No defect, Church areas,Two-way (divided with broken lines road marking),Tangent road with flat terrain,Crossing,unknown,Dry,Daylight,Normal,Vehicle with vehicle collision,2,1,Going straight,Under 18,Crossing from nearside - masked by parked or statioNot a Pedestrianry vehicle,Moving Backward,Slight Injury
17:25:00,Thursday,Male,Junior high school,Employee,5-10yr,Automobile,Owner,Above 10yr,No defect,Other,Undivided Two way,Tangent road with flat terrain,Crossing,Asphalt roads,Dry,Daylight,Normal,Vehicle with vehicle collision,1,1,Going straight,Under 18,Not a Pedestrian,Changing lane to the left,Serious Injury
11:45:00,Saturday,Male,High school,Employee,Above 10yr,Automobile,Governmental,5-10yrs,No defect,Other,Undivided Two way,Tangent road with flat terrain,Y Shape,Asphalt roads,Dry,Daylight,Normal,Vehicle with vehicle collision,2,1,Going straight,Under 18,Crossing from driver's nearside,No distancing,Slight Injury
11:45:00,Saturday,Male,High school,Employee,Above 10yr,Automobile,Owner,5-10yrs,No defect,School areas,other,Tangent road with flat terrain,Y Shape,Asphalt roads,Dry,Daylight,Normal,Vehicle with vehicle collision,2,1,Going straight,31-50,Not a Pedestrian,Driving carelessly,Slight Injury
12:43:00,Sunday,Male,Junior high school,Employee,5-10yr,Public (> 45 seats),Owner,Above 10yr,No defect,Residential areas,Undivided Two way,Tangent road with flat terrain,No junction,Asphalt roads,Dry,Daylight,Normal,Collision with roadside objects,2,2,Going straight,18-30,Not a Pedestrian,Driving under the influence of drugs,Slight Injury
12:43:00,Sunday,Male,Elementary school,Employee,1-2yr,Lorry (11?40Q),unknown,1-2yr,No defect,Other,Two-way (divided with broken lines road marking),Tangent road with flat terrain,No junction,Asphalt roads,Dry,Daylight,Normal,Vehicle with vehicle collision,2,2,Going straight,na,Not a Pedestrian,Driving carelessly,Slight Injury
12:43:00,Sunday,Female,Elementary school,Employee,5-10yr,Lorry (41?100Q),Owner,Above 10yr,No defect,Office areas,Undivided Two way,Tangent road with flat terrain,No junction,Asphalt roads,Dry,Daylight,Normal,Collision with roadside objects,2,2,Going straight,Over 51,Not a Pedestrian,Driving carelessly,Slight Injury
17:38:00,Thursday,Male,Junior high school,Employee,5-10yr,Lorry (41?100Q),Owner,Above 10yr,No defect,Residential areas,Undivided Two way,Tangent road with flat terrain,Y Shape,Asphalt roads,Dry,Daylight,Normal,Vehicle with vehicle collision,2,1,Moving Backward,Over 51,Not a Pedestrian,Changing lane to the right,Slight Injury
17:38:00,Thursday,Male,Junior high school,Employee,1-2yr,Stationwagen,Owner,Above 10yr,No defect,Other,One way,Steep grade downward with mountainous terrain,Y Shape,Asphalt roads,Dry,Daylight,Normal,Vehicle with vehicle collision,2,1,Going straight,na,Not a Pedestrian,No distancing,Slight Injury
20:30:00,Sunday,Male,Junior high school,Owner,5-10yr,Other,Owner,Above 10yr,No defect,Residential areas,Two-way (divided with broken lines road marking),Tangent road with flat terrain,No junction,Asphalt roads,Dry,Daylight,Normal,unknown,1,1,Going straight,18-30,Not a Pedestrian,Driving carelessly,Slight Injury
08:05:00,Tuesday,Male,High school,Owner,Above 10yr,Automobile,Owner,5-10yrs,No defect,Residential areas,Undivided Two way,Tangent road with flat terrain,Crossing,Asphalt roads,Dry,Daylight,Normal,Collision with pedestrians,2,1,Going straight,Under 18,Not a Pedestrian,No priority to pedestrian,Slight Injury
08:05:00,Tuesday,Male,unknown,Owner,Below 1yr,Pick up upto 10Q,Owner,unknown,No defect,Residential areas,Two-way (divided with broken lines road marking),Tangent road with flat terrain,Crossing,Asphalt roads,Dry,Daylight,Normal,Vehicle with vehicle collision,2,1,unknown,Under 18,Not a Pedestrian,No distancing,Slight Injury
17:30:00,Wednesday,Male,Writing & reading,Owner,5-10yr,Motorcycle,Owner,1-2yr,No defect,Other,other,Tangent road with flat terrain,No junction,Asphalt roads,Dry,Daylight,Normal,Vehicle with vehicle collision,1,1,Turnover,31-50,Not a Pedestrian,Moving Backward,Slight Injury
00:44:00,Saturday,Male,Above high school,Employee,Above 10yr,Automobile,Owner,5-10yrs,No defect,Other,Undivided Two way,Tangent road with flat terrain,Crossing,Asphalt roads,Dry,Darkness - lights lit,Normal,Vehicle with vehicle collision,1,1,Going straight,Under 18,Not a Pedestrian,Moving Backward,Slight Injury
16:20:00,Sunday,Male,High school,Employee,Below 1yr,Pick up upto 10Q,Owner,5-10yrs,No defect,Other,One way,Tangent road with flat terrain,Y Shape,Asphalt roads,Dry,Daylight,Normal,Collision with pedestrians,2,1,Going straight,na,Not a Pedestrian,No priority to vehicle,Slight Injury
16:20:00,Sunday,Male,Junior high school,Employee,1-2yr,Motorcycle,Owner,1-2yr,No defect, Hospital areas,Undivided Two way,Tangent road with flat terrain,Y Shape,Asphalt roads,Dry,Daylight,Normal,Collision with roadside objects,2,1,Going straight,Under 18,Not a Pedestrian,No distancing,Slight Injury
15:00:00,Thursday,Male,Junior high school,Employee,Above 10yr,Stationwagen,Owner,2-5yrs,No defect,Residential areas,Undivided Two way,Tangent road with flat terrain,No junction,Asphalt roads,Dry,Daylight,Normal,unknown,1,1,Going straight,Under 18,Not a Pedestrian,Moving Backward,Slight Injury
00:50:00,Saturday,Male,Junior high school,Owner,Above 10yr,Lorry (41?100Q),Owner,5-10yrs,No defect,Residential areas,One way,Tangent road with flat terrain,O Shape,Asphalt roads,Dry,Darkness - lights lit,Normal,Vehicle with vehicle collision,2,1,Going straight,na,Not a Pedestrian,Changing lane to the right,Slight Injury
00:50:00,Saturday,Male,Junior high school,Employee,Above 10yr,Taxi,Owner,5-10yrs,No defect,Residential areas,Undivided Two way,Tangent road with flat terrain,O Shape,Asphalt roads,Dry,Darkness - lights lit,Normal,unknown,2,1,Going straight,na,Not a Pedestrian,Moving Backward,Slight Injury
10:15:00,Saturday,Male,Junior high school,Employee,No Licence,Automobile,Owner,1-2yr,No defect,Other,Two-way (divided with broken lines road marking),Tangent road with flat terrain,No junction,Asphalt roads,Dry,Daylight,Normal,unknown,1,1,Going straight,18-30,Not a Pedestrian,Changing lane to the right,Slight Injury
14:26:00,Sunday,Male,Junior high school,Employee,1-2yr,Long lorry,Owner,1-2yr,No defect,Office areas,Two-way (divided with broken lines road marking),Tangent road with flat terrain,No junction,Asphalt roads,Dry,Daylight,Normal,unknown,3,2,Going straight,18-30,Not a Pedestrian,Driving carelessly,Slight Injury
14:26:00,Sunday,Male,Illiterate,Owner,1-2yr,Automobile,Owner,2-5yrs,No defect,Other,other,Tangent road with flat terrain,No junction,Asphalt roads,Dry,Daylight,Normal,Vehicle with vehicle collision,3,2,Going straight,na,Not a Pedestrian,Changing lane to the right,Slight Injury