Time,Day_of_week,Sex_of_driver,Educational_level,Vehicle_driver_relation,Driving_experience,Type_of_vehicle,Owner_of_vehicle,Service_year_of_vehicle,Defect_of_vehicle,Area_accident_occured,Lanes_or_Medians,Road_allignment,Types_of_Junction,Road_surface_type,Road_surface_conditions,Light_conditions,Weather_conditions,Type_of_collision,Number_of_vehicles_involved,Number_of_casualties,Vehicle_movement,Age_band_of_casualty,Pedestrian_movement,Cause_of_accident,Accident_severity
22:40:00,Tuesday,Male,Elementary school,Employee,Above 10yr,Lorry (41?100Q),Owner,2-5yrs,No defect, Industrial areas,Two-way (divided with broken lines road marking),Tangent road with flat terrain,Crossing,Asphalt roads,Dry,Darkness - lights lit,Normal,Vehicle with vehicle collision,2,1,unknown,na,Not a Pedestrian,No distancing,Slight Injury
22:10:00,Friday,Male,Junior high school,Employee,1-2yr,Public (12 seats),Owner,Unknown,No defect,Office areas,Undivided Two way,Tangent road with flat terrain,Crossing,Asphalt roads,Dry,Darkness - lights lit,Normal,Vehicle with vehicle collision,2,1,Going straight,na,Not a Pedestrian,Changing lane to the right,Slight Injury
22:10:00,Friday,Male,unknown,unknown,unknown,Other,Owner,unknown,unknown,Other,Undivided Two way,Tangent road with flat terrain,Crossing,Earth roads,Dry,Darkness - lights lit,Normal,Collision with pedestrians,2,1,Going straight,31-50,Not a Pedestrian,No distancing,Slight Injury
19:44:00,Thursday,Male,High school,Owner,5-10yr,Lorry (41?100Q),Owner,Above 10yr,unknown,Other,Two-way (divided with broken lines road marking),Tangent road with flat terrain,Crossing,Asphalt roads,Dry,Darkness - no lighting,Normal,Vehicle with vehicle collision,2,1,unknown,Under 18,Not a Pedestrian,Changing lane to the left,Slight Injury
19:44:00,Thursday,Male,Elementary school,Employee,2-5yr,Pick up upto 10Q,Owner,Unknown,unknown,Office areas,Two-way (divided with broken lines road marking),Tangent road with flat terrain,Crossing,unknown,Dry,Darkness - no lighting,Normal,Vehicle with vehicle collision,2,1,Going straight,18-30,Not a Pedestrian,Driving carelessly,Slight Injury
17:51:00,Sunday,Male,unknown,unknown,unknown,Other,Owner,Above 10yr,No defect,Residential areas,unknown,Tangent road with flat terrain,Crossing,unknown,Wet or damp,Darkness - lights lit,Raining,Vehicle with vehicle collision,2,1,Going straight,31-50,Not a Pedestrian,Changing lane to the right,Slight Injury
17:51:00,Sunday,Male,unknown,unknown,unknown,Lorry (41?100Q),Owner,5-10yrs,No defect,Office areas,Undivided Two way,Tangent road with flat terrain,Crossing,Asphalt roads,Wet or damp,Darkness - lights lit,Raining,Vehicle with vehicle collision,2,1,Going straight,31-50,Not a Pedestrian,No priority to vehicle,Slight Injury
03:10:00,Friday,Male,High school,Owner,1-2yr,Ridden horse,Owner,unknown,No defect,  Recreational areas,other,unknown,No junction,Earth roads,Dry,Darkness - lights lit,Normal,Vehicle with vehicle collision,2,1,Going straight,Over 51,Unknown or other,No distancing,Serious Injury
03:10:00,Friday,Male,Junior high school,Employee,1-2yr,Automobile,Governmental,unknown,No defect,Office areas,other,Tangent road with mild grade and flat terrain,No junction,Asphalt roads,Dry,Darkness - lights lit,Normal,Vehicle with vehicle collision,2,1,Going straight,Under 18,Not a Pedestrian,No priority to pedestrian,Serious Injury
02:08:00,Saturday,Male,Junior high school,Employee,1-2yr,Automobile,Owner,5-10yrs,No defect, Industrial areas,other,Tangent road with flat terrain,Y Shape,Asphalt roads,Wet or damp,Darkness - lights lit,Other,Vehicle with vehicle collision,1,1,Going straight,na,Not a Pedestrian,No priority to pedestrian,Slight Injury
08:30:00,Sunday,Male,Junior high school,Employee,Above 10yr,Stationwagen,unknown,unknown,unknown,unknown,unknown,unknown,Crossing,Earth roads,Wet or damp,Daylight,Normal,Vehicle with vehicle collision,1,1,Going straight,Over 51,Not a Pedestrian,No priority to vehicle,Slight Injury
07:30:00,Tuesday,Male,Junior high school,Employee,1-2yr,Other,Owner,unknown,No defect,Residential areas,Undivided Two way,Tangent road with flat terrain,Crossing,Asphalt roads,Dry,Daylight,Normal,Collision with pedestrians,2,1,Other,31-50,Not a Pedestrian,Changing lane to the left,Slight Injury
07:30:00,Tuesday,Male,High school,Owner,Above 10yr,Lorry (41?100Q),Governmental,Above 10yr,No defect,Residential areas,other,Tangent road with flat terrain,Crossing,Asphalt roads,Dry,Daylight,Normal,Vehicle with vehicle collision,2,1,Going straight,na,Not a Pedestrian,Changing lane to the left,Slight Injury
16:10:00,Monday,Male,Junior high school,Employee,Above 10yr,Lorry (41?100Q),Owner,1-2yr,No defect, Industrial areas,other,Tangent road with flat terrain,Y Shape,Asphalt roads,Wet or damp,Darkness - lights lit,Raining,Vehicle with vehicle collision,2,1,Going straight,31-50,Not a Pedestrian,No distancing,Slight Injury
16:10:00,Monday,Male,Junior high school,Employee,1-2yr,Long lorry,Owner,2-5yrs,No defect,Residential areas,Undivided Two way,Tangent road with flat terrain,Y Shape,Asphalt roads,Wet or damp,Darkness - lights lit,Raining,Vehicle with vehicle collision,2,1,Going straight,Over 51,Not a Pedestrian,No priority to vehicle,Slight Injury
09:00:00,Tuesday,Male,Junior high school,Employee,1-2yr,Stationwagen,Owner,Unknown,No defect,Residential areas,other,Tangent road with flat terrain,Crossing,Asphalt roads,Dry,Daylight,Normal,Vehicle with vehicle collision,1,1,Going straight,18-30,Not a Pedestrian,No distancing,Slight Injury
15:42:00,Tuesday,Male,High school,Employee,2-5yr,Public (12 seats),Owner,unknown,No defect,Office areas,Undivided Two way,Tangent road with flat terrain,Crossing,Asphalt roads,Dry,Daylight,Normal,Collision with roadside objects,1,1,Going straight,31-50,Not a Pedestrian,No distancing,Slight Injury
05:30:00,Thursday,Male,Junior high school,Employee,2-5yr,Automobile,Owner,2-5yrs,No defect,Office areas,Double carriageway (median),Escarpments,Other,Asphalt roads,Dry,Darkness - lights lit,Normal,Vehicle with vehicle collision,2,2,Going straight,Under 18,Not a Pedestrian,Changing lane to the right,Slight Injury
05:30:00,Thursday,Male,Junior high school,Employee,1-2yr,Public (12 seats),Owner,Above 10yr,No defect,Office areas,other,Tangent road with flat terrain,Other,Asphalt roads,Dry,Darkness - lights lit,Normal,Vehicle with vehicle collision,2,2,Moving Backward,Over 51,Not a Pedestrian,Changing lane to the left,Slight Injury
20:45:00,Thursday,Male,Elementary school,Employee,5-10yr,Lorry (41?100Q),Owner,1-2yr,No defect,Office areas,Undivided Two way,Escarpments,Crossing,Asphalt roads,Wet or damp,Darkness - lights lit,Raining,Vehicle with vehicle collision,2,1,Going straight,na,Not a Pedestrian,No distancing,Slight Injury
20:45:00,Thursday,Male,Junior high school,Employee,5-10yr,Automobile,Owner,unknown,No defect,Office areas,One way,Tangent road with flat terrain,Crossing,Asphalt roads,Wet or damp,Darkness - lights lit,Raining,Vehicle with vehicle collision,2,1,Going straight,Over 51,Not a Pedestrian,Overturning,Slight Injury
20:30:00,Thursday,Male,Junior high school,Employee,1-2yr,Lorry (41?100Q),Owner,unknown,No defect,Office areas,Undivided Two way,Tangent road with flat terrain,Y Shape,Asphalt roads,Wet or damp,Darkness - lights lit,Raining,Vehicle with vehicle collision,1,1,Going straight,31-50,Not a Pedestrian,No priority to vehicle,Slight Injury
00:55:00,Friday,Male,Elementary school,Other,5-10yr,Lorry (41?100Q),Owner,unknown,No defect,Office areas,other,Tangent road with flat terrain,Y Shape,Asphalt roads,Dry,Darkness - lights lit,Normal,Vehicle with vehicle collision,2,1,Going straight,na,Not a Pedestrian,Moving Backward,Slight Injury
00:55:00,Friday,Male,Junior high school,Employee,2-5yr,Pick up upto 10Q,Owner,Above 10yr,No defect,Residential areas,other,Tangent road with flat terrain,Y Shape,Asphalt roads with some distress,Dry,Darkness - lights lit,Normal,Vehicle with vehicle collision,2,1,Going straight,na,Not a Pedestrian,Driving under the influence of drugs,Slight Injury
02:31:00,Sunday,Male,Elementary school,Employee,5-10yr,Other,Owner,5-10yrs,No defect,Residential areas,One way,Tangent road with flat terrain,Crossing,Asphalt roads,Dry,Darkness - lights lit,Normal,Collision with roadside objects,3,5,Going straight,31-50,Not a Pedestrian,Moving Backward,Slight Injury
02:31:00,Sunday,Male,Junior high school,Employee,Above 10yr,Automobile,Owner,unknown,No defect,Other,One way,Tangent road with flat terrain,Crossing,Asphalt roads,Dry,Darkness - lights lit,Normal,Vehicle with vehicle collision,3,5,Going straight,Over 51,Not a Pedestrian,Changing lane to the right,Slight Injury
02:31:00,Sunday,Male,Junior high school,Employee,Above 10yr,Automobile,Owner,5-10yrs,No defect, Church areas,Undivided Two way,Tangent road with flat terrain,Crossing,Asphalt roads,Dry,Darkness - lights lit,Normal,Vehicle with vehicle collision,3,5,Going straight,Under 18,Not a Pedestrian,Overspeed,Slight Injury
02:31:00,Sunday,Male,Elementary school,Owner,2-5yr,Lorry (11?40Q),Owner,unknown,No defect,  Recreational areas,other,Tangent road with flat terrain,Crossing,Asphalt roads,Dry,Darkness - lights lit,Normal,Vehicle with vehicle collision,3,5,Going straight,31-50,Not a Pedestrian,Driving under the influence of drugs,Slight Injury
02:31:00,Sunday,Male,Elementary school,Employee,5-10yr,Bajaj,Owner,unknown,unknown, Industrial areas,Undivided Two way,Tangent road with flat terrain,Crossing,Asphalt roads,Dry,Darkness - lights lit,Normal,Vehicle with vehicle collision,3,5,Going straight,18-30,Not a Pedestrian,Driving carelessly,Slight Injury
02:31:00,Sunday,Female,Junior high school,Owner,1-2yr,Automobile,unknown,unknown,unknown,Residential areas,other,unknown,Crossing,Asphalt roads,Dry,Darkness - lights lit,Normal,Rollover,3,5,Going straight,Under 18,Not a Pedestrian,No distancing,Slight Injury
14:50:00,Saturday,Male,Elementary school,Employee,Above 10yr,Lorry (41?100Q),Owner,Above 10yr,No defect,Residential areas,other,Tangent road with rolling terrain,Y Shape,Asphalt roads,Dry,Daylight,Normal,Vehicle with vehicle collision,2,1,Going straight,31-50,Unknown or other,No priority to vehicle,Slight Injury
14:50:00,Saturday,Male,Junior high school,Employee,5-10yr,Lorry (11?40Q),Owner,2-5yrs,No defect,Office areas,Double carriageway (median),Tangent road with flat terrain,Y Shape,Asphalt roads,Dry,Daylight,Normal,Vehicle with vehicle collision,2,1,Other,31-50,Not a Pedestrian,Overspeed,Slight Injury
16:20:00,Saturday,Male,Junior high school,Employee,2-5yr,Lorry (11?40Q),Owner,2-5yrs,No defect,  Market areas,Undivided Two way,Tangent road with flat terrain,No junction,Asphalt roads,Dry,Darkness - lights lit,Normal,Collision with roadside objects,2,1,Going straight,31-50,Not a Pedestrian,Driving under the influence of drugs,Slight Injury
16:20:00,Saturday,Male,Elementary school,Employee,Above 10yr,Automobile,unknown,unknown,unknown,Unknown,other,Tangent road with flat terrain,No junction,Asphalt roads,Dry,Darkness - lights lit,Normal,Vehicle with vehicle collision,2,1,Going straight,na,Not a Pedestrian,Changing lane to the right,Slight Injury
11:09:00,Sunday,Male,Junior high school,Employee,2-5yr,unknown,Owner,unknown,No defect, Industrial areas,other,Tangent road with flat terrain,No junction,Asphalt roads,Dry,Daylight,Normal,Vehicle with vehicle collision,2,1,Going straight,Over 51,Not a Pedestrian,Changing lane to the right,Slight Injury
11:09:00,Sunday,Male,Elementary school,Employee,Above 10yr,Automobile,Owner,unknown,No defect,Residential areas,Two-way (divided with solid lines road marking),Tangent road with flat terrain,No junction,Asphalt roads,Dry,Daylight,Normal,Vehicle with vehicle collision,2,1,Going straight,Under 18,Not a Pedestrian,Changing lane to the right,Slight Injury
19:20:00,Sunday,Male,Junior high school,Employee,Above 10yr,Public (13?45 seats),Governmental,Below 1yr,No defect,Residential areas,Undivided Two way,Tangent road with flat terrain,Crossing,Asphalt roads,Wet or damp,Darkness - lights unlit,Raining,Collision with roadside objects,2,1,Going straight,31-50,Not a Pedestrian,Changing lane to the right,Slight Injury
19:20:00,Sunday,Male,Junior high school,Employee,2-5yr,Public (12 seats),Owner,5-10yrs,No defect,Other,Undivided Two way,Tangent road with flat terrain,Crossing,Asphalt roads,Wet or damp,Darkness - lights unlit,Raining,Collision with roadside objects,2,1,Going straight,na,Not a Pedestrian,Moving Backward,Slight Injury
17:10:00,Monday,Male,Junior high school,Employee,Above 10yr,Other,Governmental,unknown,No defect,Residential areas,other,Tangent road with flat terrain,Y Shape,Asphalt roads,Wet or damp,Darkness - lights lit,Windy,Vehicle with vehicle collision,2,1,Going straight,31-50,Not a Pedestrian,No distancing,Slight Injury
17:10:00,Monday,Male,Junior high school,Employee,Above 10yr,Automobile,Owner,1-2yr,No defect,Rural village areas,Undivided Two way,Gentle horizontal curve,Y Shape,Asphalt roads,Wet or damp,Darkness - lights lit,Windy,Vehicle with vehicle collision,2,1,Other,Over 51,Not a Pedestrian,Overspeed,Slight Injury
03:08:00,Saturday,Male,Junior high school,Employee,Below 1yr,Automobile,Owner,2-5yrs,No defect,Rural village areas,Undivided Two way,Gentle horizontal curve,No junction,Asphalt roads,Dry,Darkness - lights lit,Normal,Collision with roadside objects,2,1,Going straight,na,Not a Pedestrian,No distancing,Slight Injury
03:08:00,Saturday,Male,Junior high school,Owner,Above 10yr,Public (13?45 seats),Owner,unknown,No defect,Office areas,Double carriageway (median),Tangent road with flat terrain,No junction,Asphalt roads,Dry,Darkness - lights lit,Normal,Collision with roadside objects,2,1,Going straight,Under 18,Not a Pedestrian,Driving carelessly,Slight Injury
16:40:00,Tuesday,Male,High school,Other,Above 10yr,Public (13?45 seats),Owner,2-5yrs,No defect,Residential areas,Undivided Two way,Gentle horizontal curve,Y Shape,Asphalt roads,Wet or damp,Darkness - lights lit,Normal,Vehicle with vehicle collision,1,1,Going straight,na,Not a Pedestrian,No distancing,Slight Injury
08:25:00,Tuesday,Male,Junior high school,Employee,5-10yr,Automobile,Owner,unknown,unknown,Residential areas,other,Tangent road with flat terrain,Y Shape,Gravel roads,Dry,Daylight,Normal,Vehicle with vehicle collision,2,1,Going straight,18-30,Not a Pedestrian,No distancing,Slight Injury
08:25:00,Tuesday,Male,Elementary school,unknown,unknown,Other,Owner,unknown,7, Outside rural areas,other,Tangent road with flat terrain,Y Shape,Asphalt roads,Dry,Daylight,Normal,Vehicle with vehicle collision,2,1,Going straight,31-50,Crossing from nearside - masked by parked or statioNot a Pedestrianry vehicle,No distancing,Slight Injury
17:30:00,Wednesday,Male,Junior high school,Employee,5-10yr,Pick up upto 10Q,Owner,Above 10yr,unknown,Residential areas,other,Tangent road with flat terrain,Y Shape,Asphalt roads,Dry,Darkness - lights lit,Normal,Collision with roadside objects,1,1,Going straight,31-50,Not a Pedestrian,Changing lane to the right,Slight Injury
21:30:00,Thursday,Female,Junior high school,Employee,5-10yr,Lorry (41?100Q),Owner,5-10yrs,5, Church areas,other,Tangent road with flat terrain,Y Shape,Asphalt roads,Dry,Darkness - lights lit,Normal,Vehicle with vehicle collision,1,1,Going straight,na,Not a Pedestrian,No distancing,Slight Injury
01:02:00,Friday,Male,Junior high school,Owner,Below 1yr,Automobile,Owner,unknown,No defect,Office areas,Undivided Two way,Tangent road with flat terrain,Crossing,Asphalt roads,Dry,Darkness - lights lit,Normal,Collision with roadside-parked vehicles,2,1,Going straight,Over 51,Not a Pedestrian,No priority to vehicle,Slight Injury
01:02:00,Friday,Male,Junior high school,Employee,5-10yr,Automobile,Owner,Unknown,No defect,Office areas,Two-way (divided with broken lines road marking),Tangent road with mountainous terrain and,Crossing,Asphalt roads,Dry,Darkness - lights lit,Normal,Vehicle with vehicle collision,2,1,Going straight,18-30,Not a Pedestrian,Changing lane to the left,Slight Injury
12:27:00,Sunday,Male,Elementary school,Employee,2-5yr,Lorry (41?100Q),Governmental,unknown,No defect,Office areas,Two-way (divided with broken lines road marking),Escarpments,Crossing,Asphalt roads,Dry,Daylight,Normal,Collision with roadside objects,1,2,Moving Backward,31-50,Not a Pedestrian,Moving Backward,Slight Injury
12:27:00,Sunday,Male,Junior high school,Owner,2-5yr,unknown,Owner,2-5yrs,unknown,Other,Undivided Two way,Tangent road with mountainous terrain and,Crossing,Asphalt roads,Dry,Daylight,Normal,Vehicle with vehicle collision,1,2,Going straight,na,Not a Pedestrian,Driving carelessly,Slight Injury
20:50:00,Sunday,Male,Elementary school,Employee,2-5yr,Other,Owner,2-5yrs,unknown,Other,Undivided Two way,Tangent road with flat terrain,Y Shape,Asphalt roads,Dry,Darkness - lights lit,Normal,Vehicle with vehicle collision,2,1,Going straight,31-50,Not a Pedestrian,Changing lane to the left,Slight Injury
20:50:00,Sunday,Female,Junior high school,Owner,2-5yr,Automobile,Owner,Unknown,No defect,Residential areas,Two-way (divided with broken lines road marking),Tangent road with flat terrain,Y Shape,Asphalt roads,Dry,Darkness - lights lit,Normal,Vehicle with vehicle collision,2,1,Going straight,Under 18,Not a Pedestrian,No priority to pedestrian,Slight Injury
18:00:00,Tuesday,Male,Junior high school,Employee,Above 10yr,Automobile,Owner,unknown,unknown,Other,Two-way (divided with broken lines road marking),Tangent road with flat terrain,Y Shape,Asphalt roads,Dry,Darkness - lights lit,Normal,Vehicle with vehicle collision,2,1,Going straight,Under 18,Not a Pedestrian,No distancing,Slight Injury
18:00:00,Tuesday,Male,Junior high school,Employee,2-5yr,Automobile,Owner,Below 1yr,unknown,Other,Undivided Two way,Tangent road with mild grade and flat terrain,Y Shape,Asphalt roads,Dry,Darkness - lights lit,Normal,Vehicle with vehicle collision,2,1,Moving Backward,na,Not a Pedestrian,No distancing,Slight Injury
01:55:00,Saturday,Male,Junior high school,Employee,1-2yr,Automobile,Owner,5-10yrs,unknown,Other,Two-way (divided with broken lines road marking),Tangent road with flat terrain,Crossing,Asphalt roads,Dry,Darkness - lights lit,Normal,Collision with roadside-parked vehicles,4,1,Going straight,Over 51,Not a Pedestrian,Overturning,Slight Injury
01:55:00,Saturday,Male,Junior high school,Employee,2-5yr,Lorry (41?100Q),Governmental,5-10yrs,No defect,Other,Undivided Two way,Tangent road with flat terrain,Crossing,Asphalt roads,Dry,Darkness - lights lit,Normal,Collision with roadside-parked vehicles,4,1,Other,Over 51,Not a Pedestrian,No distancing,Slight Injury
01:55:00,Saturday,Male,Junior high school,Employee,1-2yr,Other,Owner,2-5yrs,No defect,Other,Double carriageway (median),Tangent road with mild grade and flat terrain,Crossing,Asphalt roads,Dry,Darkness - lights lit,Normal,Collision with animals,4,1,Other,na,Not a Pedestrian,Drunk driving,Slight Injury
01:55:00,Saturday,Male,Junior high school,Employee,5-10yr,Pick up upto 10Q,Owner,unknown,No defect,Other,Two-way (divided with broken lines road marking),Tangent road with flat terrain,Crossing,Gravel roads,Dry,Darkness - lights lit,Normal,Collision with animals,4,1,Going straight,Under 18,Unknown or other,Moving Backward,Slight Injury
10:05:00,Monday,Male,Junior high school,Employee,5-10yr,Stationwagen,Owner,2-5yrs,unknown, Church areas,Two-way (divided with broken lines road marking),Tangent road with flat terrain,No junction,Asphalt roads,Dry,Daylight,Normal,Collision with animals,1,1,Going straight,Over 51,Not a Pedestrian,No priority to pedestrian,Slight Injury
21:27:00,Monday,Male,Elementary school,Owner,2-5yr,Other,Owner,5-10yrs,unknown,Other,Undivided Two way,Tangent road with flat terrain,Y Shape,Asphalt roads,Dry,Darkness - lights lit,Normal,Collision with animals,1,1,Going straight,na,Not a Pedestrian,Changing lane to the left,Slight Injury
17:52:00,Wednesday,Male,Elementary school,Employee,Below 1yr,Pick up upto 10Q,Organization,2-5yrs,unknown, Industrial areas,Two-way (divided with broken lines road marking),Tangent road with flat terrain,No junction,Asphalt roads,Dry,Darkness - lights lit,Normal,Collision with animals,1,2,Going straight,na,Not a Pedestrian,Changing lane to the left,Slight Injury
17:52:00,Wednesday,Male,unknown,unknown,unknown,Stationwagen,Owner,unknown,No defect,Residential areas,Double carriageway (median),Tangent road with flat terrain,No junction,Asphalt roads,Dry,Darkness - lights lit,Normal,Collision with animals,1,2,Other,18-30,Not a Pedestrian,Getting off the vehicle improperly,Slight Injury
07:30:00,Thursday,Male,Junior high school,Employee,Above 10yr,Lorry (41?100Q),Governmental,Above 10yr,No defect,Other,Two-way (divided with broken lines road marking),Tangent road with flat terrain,No junction,Earth roads,Dry,Daylight,Normal,Collision with animals,1,1,Going straight,Under 18,Not a Pedestrian,No distancing,Slight Injury
17:30:00,Saturday,Male,High school,Employee,1-2yr,Automobile,Owner,unknown,No defect,Office areas,Two-way (divided with broken lines road marking),Tangent road with flat terrain,Y Shape,Asphalt roads,Dry,Darkness - lights lit,Normal,Collision with animals,4,1,Getting off,Under 18,Not a Pedestrian,Changing lane to the right,Slight Injury
17:30:00,Saturday,Male,Junior high school,Owner,5-10yr,unknown,Owner,unknown,No defect, Industrial areas,Unknown,Tangent road with flat terrain,Y Shape,Asphalt roads,Dry,Darkness - lights lit,Normal,Collision with animals,4,1,Going straight,na,Not a Pedestrian,Changing lane to the right,Slight Injury
17:30:00,Saturday,Male,Junior high school,Employee,1-2yr,Automobile,Owner,1-2yr,No defect, Industrial areas,Double carriageway (median),Tangent road with flat terrain,Y Shape,unknown,Dry,Darkness - lights lit,Normal,Collision with animals,4,1,Going straight,na,Not a Pedestrian,Moving Backward,Slight Injury
17:30:00,Saturday,Male,Junior high school,Employee,Above 10yr,Automobile,Owner,unknown,No defect,Other,Two-way (divided with broken lines road marking),Tangent road with flat terrain,Y Shape,Gravel roads,Dry,Darkness - lights lit,Normal,Collision with animals,4,1,Going straight,31-50,Not a Pedestrian,Driving at high speed,Slight Injury
16:01:00,Sunday,Male,Junior high school,Employee,Below 1yr,Turbo,Organization,Above 10yr,unknown, Hospital areas,Two-way (divided with broken lines road marking),Tangent road with flat terrain,Y Shape,Asphalt roads,Wet or damp,Darkness - lights lit,Raining,Collision with animals,3,3,Going straight,31-50,Not a Pedestrian,Changing lane to the left,Slight Injury
16:01:00,Sunday,Male,Elementary school,Employee,2-5yr,unknown,Owner,Unknown,unknown,Office areas,One way,Tangent road with flat terrain,Y Shape,unknown,Wet or damp,Darkness - lights lit,Raining,Other,3,3,Going straight,na,Not a Pedestrian,Changing lane to the right,Slight Injury
16:01:00,Sunday,Male,Junior high school,Employee,5-10yr,Stationwagen,Owner,2-5yrs,No defect, Church areas,Undivided Two way,Tangent road with flat terrain,Y Shape,Asphalt roads,Wet or damp,Darkness - lights lit,Raining,Rollover,3,3,Going straight,31-50,Not a Pedestrian,No distancing,Slight Injury
16:01:00,Sunday,Male,Elementary school,Employee,5-10yr,Automobile,Organization,5-10yrs,No defect, Hospital areas,Undivided Two way,Tangent road with mountainous terrain and,Y Shape,Earth roads,Wet or damp,Darkness - lights lit,Raining,Collision with animals,3,3,Moving Backward,18-30,Not a Pedestrian,Changing lane to the right,Slight Injury
14:30:00,Saturday,Male,Junior high school,Owner,1-2yr,Automobile,Owner,Above 10yr,No defect,Office areas,other,Tangent road with flat terrain,Y Shape,Asphalt roads,Dry,Daylight,Normal,Rollover,2,1,Going straight,na,Not a Pedestrian,Changing lane to the right,Slight Injury
14:30:00,Saturday,Male,Junior high school,Employee,5-10yr,Automobile,Owner,2-5yrs,No defect,Other,Two-way (divided with broken lines road marking),Escarpments,Y Shape,Asphalt roads,Dry,Daylight,Normal,Collision with animals,2,1,Other,31-50,Not a Pedestrian,No distancing,Slight Injury
09:18:00,Friday,Male,Unknown,Other,unknown,Pick up upto 10Q,Owner,1-2yr,unknown,Office areas,Undivided Two way,Tangent road with flat terrain,O Shape,Asphalt roads,Dry,Daylight,Normal,Collision with animals,1,1,Going straight,na,Not a Pedestrian,Changing lane to the right,Serious Injury
08:05:00,Friday,Male,High school,Employee,2-5yr,Lorry (41?100Q),Owner,2-5yrs,unknown,Office areas,Two-way (divided with broken lines road marking),Tangent road with mountainous terrain and,Y Shape,Asphalt roads,Dry,Daylight,Normal,Vehicle with vehicle collision,1,1,Going straight,31-50,Not a Pedestrian,Driving carelessly,Slight Injury
02:09:00,Friday,Male,Junior high school,Employee,1-2yr,Lorry (41?100Q),Owner,unknown,No defect,Other,Double carriageway (median),Steep grade downward with mountainous terrain,Crossing,Asphalt roads,Dry,Darkness - lights lit,Normal,Fall from vehicles,2,1,Going straight,na,Not a Pedestrian,Driving carelessly,Slight Injury
02:09:00,Friday,Male,Junior high school,Employee,5-10yr,Automobile,Owner,1-2yr,No defect,Office areas,Undivided Two way,Tangent road with mild grade and flat terrain,Crossing,Earth roads,Dry,Darkness - lights lit,Normal,Collision with roadside-parked vehicles,2,1,Going straight,31-50,Not a Pedestrian,Changing lane to the right,Slight Injury
00:03:00,Friday,Male,Junior high school,Employee,2-5yr,Lorry (41?100Q),Owner,unknown,No defect,Residential areas,Undivided Two way,Tangent road with flat terrain,Y Shape,Asphalt roads,Dry,Darkness - lights lit,Normal,Collision with roadside-parked vehicles,2,1,unknown,na,Not a Pedestrian,Overturning,Slight Injury
00:03:00,Friday,Male,Junior high school,Employee,No Licence,Lorry (41?100Q),Owner,Unknown,unknown,Other,Two-way (divided with broken lines road marking),Tangent road with flat terrain,Y Shape,Asphalt roads,Dry,Darkness - lights lit,Normal,Rollover,2,1,Moving Backward,Under 18,Not a Pedestrian,Changing lane to the right,Slight Injury
15:20:00,Sunday,Male,Junior high school,Employee,Above 10yr,Lorry (41?100Q),Owner,2-5yrs,unknown,Office areas,Double carriageway (median),Tangent road with flat terrain,Y Shape,Asphalt roads,Dry,Daylight,Normal,Collision with animals,2,1,unknown,na,Not a Pedestrian,Moving Backward,Slight Injury
15:20:00,Sunday,Male,Junior high school,Employee,Above 10yr,Lorry (41?100Q),Owner,5-10yrs,unknown,Office areas,Undivided Two way,Tangent road with mountainous terrain and,Y Shape,Asphalt roads,Dry,Daylight,Normal,Collision with animals,2,1,Going straight,18-30,Not a Pedestrian,No distancing,Slight Injury
11:50:00,Thursday,Male,Junior high school,Employee,5-10yr,Automobile,unknown,unknown,unknown,Office areas,other,Tangent road with flat terrain,Y Shape,Asphalt roads,Dry,Daylight,Normal,Fall from vehicles,2,1,Going straight,18-30,Not a Pedestrian,Overturning,Slight Injury
11:50:00,Thursday,Male,High school,Employee,2-5yr,Automobile,Owner,5-10yrs,No defect,Other,Two-way (divided with broken lines road marking),Tangent road with mild grade and flat terrain,Y Shape,Asphalt roads,Dry,Daylight,Normal,Collision with roadside-parked vehicles,2,1,unknown,Under 18,Not a Pedestrian,Driving carelessly,Slight Injury
23:01:00,Saturday,Male,High school,Owner,2-5yr,Automobile,Owner,unknown,No defect, Church areas,Undivided Two way,Tangent road with flat terrain,No junction,Asphalt roads,Dry,Darkness - lights lit,Normal,Collision with animals,1,1,Going straight,na,Not a Pedestrian,Changing lane to the right,Slight Injury
19:50:00,Monday,Male,Junior high school,Employee,Below 1yr,Public (13?45 seats),Owner,Unknown,No defect, Industrial areas,Undivided Two way,Tangent road with flat terrain,No junction,Asphalt roads,Dry,Darkness - lights lit,Normal,Collision with animals,1,1,Going straight,31-50,Not a Pedestrian,Driving at high speed,Slight Injury
18:10:00,Tuesday,Male,Junior high school,Owner,Above 10yr,Automobile,Owner,1-2yr,No defect,Office areas,Double carriageway (median),Tangent road with flat terrain,O Shape,Asphalt roads,Dry,Darkness - lights lit,Normal,Collision with pedestrians,2,1,Going straight,na,Not a Pedestrian,Changing lane to the left,Slight Injury
18:10:00,Tuesday,Male,Junior high school,Employee,Above 10yr,Public (13?45 seats),Owner,Unknown,No defect, Church areas,Undivided Two way,Tangent road with flat terrain,O Shape,Asphalt roads,Dry,Darkness - lights lit,Normal,Vehicle with vehicle collision,2,1,Going straight,31-50,Not a Pedestrian,Driving carelessly,Slight Injury
18:50:00,Thursday,Male,Elementary school,Employee,2-5yr,Public (13?45 seats),Owner,unknown,unknown,Office areas,Undivided Two way,Tangent road with flat terrain,Crossing,Asphalt roads,Dry,Darkness - lights lit,Normal,Vehicle with vehicle collision,2,1,Going straight,na,Not a Pedestrian,No distancing,Slight Injury
18:50:00,Thursday,Male,Junior high school,Employee,2-5yr,Automobile,Owner,unknown,No defect,Office areas,other,Tangent road with flat terrain,Crossing,Earth roads,Dry,Darkness - lights lit,Normal,Collision with pedestrians,2,1,Going straight,31-50,Not a Pedestrian,Moving Backward,Slight Injury