Time,Day_of_week,Sex_of_driver,Educational_level,Vehicle_driver_relation,Driving_experience,Type_of_vehicle,Owner_of_vehicle,Service_year_of_vehicle,Defect_of_vehicle,Area_accident_occured,Lanes_or_Medians,Road_allignment,Types_of_Junction,Road_surface_type,Road_surface_conditions,Light_conditions,Weather_conditions,Type_of_collision,Number_of_vehicles_involved,Number_of_casualties,Vehicle_movement,Age_band_of_casualty,Pedestrian_movement,Cause_of_accident,Accident_severity
18:55:00,Saturday,Male,Junior high school,Employee,1-2yr,unknown,Governmental,unknown,No defect,Office areas,Two-way (divided with broken lines road marking),Tangent road with flat terrain,Y Shape,Asphalt roads,Dry,Darkness - lights lit,Normal,Vehicle with vehicle collision,3,1,Moving Backward,na,Not a Pedestrian,No distancing,Slight Injury
18:55:00,Saturday,Male,High school,Employee,2-5yr,Other,Owner,2-5yrs,unknown, Church areas,Undivided Two way,Tangent road with flat terrain,Y Shape,Asphalt roads,Dry,Darkness - lights lit,Normal,Vehicle with vehicle collision,3,1,Going straight,Over 51,Not a Pedestrian,Overtaking,Slight Injury
18:55:00,Saturday,Male,Junior high school,Employee,2-5yr,Automobile,Governmental,unknown,unknown,Office areas,Two-way (divided with broken lines road marking),Tangent road with flat terrain,Y Shape,Asphalt roads,Dry,Darkness - lights lit,Normal,Vehicle with vehicle collision,3,1,Other,na,Not a Pedestrian,Other,Slight Injury
16:12:00,Saturday,Male,Junior high school,Employee,1-2yr,Pick up upto 10Q,Governmental,Unknown,unknown,Residential areas,Two-way (divided with broken lines road marking),Tangent road with flat terrain,Crossing,Asphalt roads,Wet or damp,Daylight,Other,Collision with roadside objects,2,2,Other,Under 18,Not a Pedestrian,Other,Slight Injury
16:12:00,Saturday,Male,Elementary school,Employee,5-10yr,Automobile,Owner,unknown,unknown,School areas,Two-way (divided with broken lines road marking),Tangent road with flat terrain,Crossing,Asphalt roads,Wet or damp,Daylight,Other,Vehicle with vehicle collision,2,2,Going straight,Over 51,Not a Pedestrian,Changing lane to the right,Slight Injury
10:29:00,Wednesday,Male,Junior high school,Employee,5-10yr,Public (12 seats),Owner,Unknown,unknown,Office areas,Undivided Two way,Tangent road with flat terrain,Unknown,Asphalt roads,Wet or damp,Daylight,Normal,Vehicle with vehicle collision,2,1,Going straight,na,Not a Pedestrian,No priority to pedestrian,Slight Injury
10:29:00,Wednesday,Male,Junior high school,Employee,1-2yr,Automobile,Owner,5-10yrs,unknown,Other,Undivided Two way,Tangent road with flat terrain,Unknown,Asphalt roads,Wet or damp,Daylight,Normal,Vehicle with vehicle collision,2,1,Going straight,31-50,Not a Pedestrian,No priority to vehicle,Slight Injury
10:55:00,Sunday,Male,Elementary school,Other,5-10yr,Other,Owner,unknown,unknown,Other,Double carriageway (median),Tangent road with flat terrain,No junction,Asphalt roads,Dry,Daylight,Normal,Vehicle with vehicle collision,2,2,Going straight,18-30,Not a Pedestrian,Changing lane to the left,Slight Injury
10:55:00,Sunday,Male,Junior high school,Employee,2-5yr,Public (12 seats),Governmental,unknown,No defect,Other,Double carriageway (median),Tangent road with flat terrain,No junction,Asphalt roads,Dry,Daylight,Normal,Rollover,2,2,Other,na,Not a Pedestrian,Changing lane to the left,Slight Injury
10:55:00,Sunday,Male,Elementary school,Employee,5-10yr,Stationwagen,Owner,5-10yrs,No defect,Other,Two-way (divided with broken lines road marking),Tangent road with flat terrain,No junction,Asphalt roads with some distress,Dry,Daylight,Normal,Vehicle with vehicle collision,2,2,Going straight,18-30,Not a Pedestrian,Overtaking,Slight Injury
20:57:00,Sunday,Male,Junior high school,Employee,Above 10yr,Lorry (41?100Q),Owner,Unknown,No defect,Office areas,Double carriageway (median),Tangent road with mild grade and flat terrain,Y Shape,Asphalt roads,Dry,Darkness - lights lit,Normal,Vehicle with vehicle collision,3,2,Getting off,na,Not a Pedestrian,No distancing,Slight Injury
20:57:00,Sunday,Male,Junior high school,Employee,Above 10yr,Lorry (41?100Q),Owner,unknown,unknown,Office areas,Two-way (divided with broken lines road marking),Tangent road with flat terrain,Y Shape,Asphalt roads,Dry,Darkness - lights lit,Normal,Collision with roadside objects,3,2,Going straight,5,Not a Pedestrian,No priority to vehicle,Slight Injury
20:57:00,Sunday,Male,Elementary school,Owner,2-5yr,Lorry (41?100Q),Owner,unknown,unknown,Office areas,unknown,Tangent road with mild grade and flat terrain,Y Shape,Asphalt roads,Dry,Darkness - lights lit,Normal,Vehicle with vehicle collision,3,2,Going straight,Over 51,Not a Pedestrian,Changing lane to the right,Slight Injury
18:59:00,Saturday,Female,Elementary school,Employee,5-10yr,Automobile,Owner,unknown,unknown,Office areas,unknown,Tangent road with mild grade and flat terrain,Y Shape,Asphalt roads,Dry,Daylight,Unknown,Vehicle with vehicle collision,1,1,Going straight,31-50,Not a Pedestrian,Changing lane to the left,Slight Injury
13:30:00,Tuesday,Male,Junior high school,Owner,1-2yr,Lorry (41?100Q),Owner,unknown,unknown,Office areas,One way,Tangent road with flat terrain,Y Shape,Gravel roads,Dry,Daylight,Normal,Vehicle with vehicle collision,2,1,Going straight,18-30,Not a Pedestrian,No distancing,Slight Injury
13:30:00,Tuesday,Male,Elementary school,Employee,Above 10yr,unknown,unknown,unknown,unknown,Office areas,Two-way (divided with broken lines road marking),Tangent road with flat terrain,Y Shape,Asphalt roads,Dry,Daylight,Normal,Collision with roadside objects,2,1,Going straight,18-30,Not a Pedestrian,Driving carelessly,Slight Injury
07:25:00,Thursday,Male,Junior high school,Employee,5-10yr,Public (12 seats),Owner,unknown,unknown,Office areas,unknown,Tangent road with flat terrain,T Shape,Asphalt roads,Dry,Daylight,Normal,Collision with roadside objects,2,1,Going straight,na,Not a Pedestrian,No priority to pedestrian,Slight Injury
07:25:00,Thursday,Male,Junior high school,Employee,2-5yr,Automobile,Owner,5-10yrs,unknown,Other,Undivided Two way,Tangent road with flat terrain,T Shape,Asphalt roads,Dry,Daylight,Normal,Vehicle with vehicle collision,2,1,Moving Backward,31-50,Not a Pedestrian,Driving carelessly,Slight Injury
21:54:00,Thursday,Male,Elementary school,Employee,Above 10yr,Stationwagen,Owner,unknown,No defect,Other,Two-way (divided with broken lines road marking),Tangent road with flat terrain,No junction,Asphalt roads,Dry,Darkness - lights lit,Normal,Vehicle with vehicle collision,2,1,Going straight,na,Not a Pedestrian,Moving Backward,Slight Injury
21:54:00,Thursday,Female,Junior high school,Employee,2-5yr,Automobile,unknown,2-5yrs,No defect,Residential areas,Two-way (divided with broken lines road marking),Tangent road with flat terrain,No junction,Asphalt roads,Dry,Darkness - lights lit,Normal,Collision with roadside objects,2,1,Other,31-50,Not a Pedestrian,No distancing,Slight Injury
12:46:00,Friday,Male,Elementary school,Employee,Above 10yr,Lorry (41?100Q),Owner,unknown,No defect,Other,Two-way (divided with broken lines road marking),Tangent road with flat terrain,Y Shape,Asphalt roads,Wet or damp,Daylight,Raining,Collision with roadside objects,1,1,Going straight,18-30,Not a Pedestrian,No distancing,Slight Injury
19:47:00,Friday,Male,Junior high school,Employee,Above 10yr,Other,Owner,5-10yrs,No defect,Other,Two-way (divided with broken lines road marking),Tangent road with flat terrain,Y Shape,Asphalt roads,Wet or damp,Darkness - lights lit,Normal,Vehicle with vehicle collision,4,4,Going straight,18-30,Not a Pedestrian,No distancing,Slight Injury
19:47:00,Friday,Male,Junior high school,Employee,2-5yr,Pick up upto 10Q,Governmental,unknown,No defect,Other,Two-way (divided with broken lines road marking),Tangent road with flat terrain,Y Shape,Asphalt roads,Wet or damp,Darkness - lights lit,Normal,Vehicle with vehicle collision,4,4,Going straight,18-30,Not a Pedestrian,Changing lane to the left,Slight Injury
19:47:00,Friday,Male,Junior high school,Employee,Above 10yr,unknown,Owner,5-10yrs,unknown,Other,Undivided Two way,Tangent road with flat terrain,Y Shape,Asphalt roads,Wet or damp,Darkness - lights lit,Normal,Vehicle with vehicle collision,4,4,Going straight,18-30,Not a Pedestrian,Changing lane to the left,Slight Injury
19:47:00,Friday,Male,Junior high school,Employee,Above 10yr,Lorry (41?100Q),Owner,unknown,unknown, Industrial areas,Undivided Two way,Tangent road with flat terrain,Y Shape,Asphalt roads,Wet or damp,Darkness - lights lit,Normal,Collision with roadside objects,4,4,unknown,na,Not a Pedestrian,Moving Backward,Slight Injury
19:47:00,Friday,Female,Junior high school,Employee,Below 1yr,Automobile,Owner,5-10yrs,unknown, Industrial areas,Undivided Two way,Tangent road with flat terrain,Y Shape,Asphalt roads,Wet or damp,Darkness - lights lit,Normal,Vehicle with vehicle collision,4,4,Moving Backward,18-30,Not a Pedestrian,Changing lane to the right,Slight Injury
19:47:00,Friday,Female,Junior high school,Owner,Above 10yr,Public (13?45 seats),Owner,unknown,No defect, Church areas,Double carriageway (median),Tangent road with flat terrain,Y Shape,Asphalt roads,Wet or damp,Darkness - lights lit,Normal,Collision with roadside-parked vehicles,4,4,unknown,Over 51,Not a Pedestrian,No priority to vehicle,Slight Injury
17:21:00,Tuesday,Male,High school,Other,Above 10yr,Automobile,Owner,unknown,No defect,Other,Undivided Two way,Tangent road with flat terrain,No junction,Asphalt roads,Dry,Daylight,Normal,Vehicle with vehicle collision,2,1,Going straight,18-30,Not a Pedestrian,Moving Backward,Slight Injury
17:21:00,Tuesday,Male,Junior high school,Employee,5-10yr,Lorry (41?100Q),Owner,Above 10yr,unknown,Other,Undivided Two way,Tangent road with flat terrain,No junction,Earth roads,Dry,Daylight,Normal,Collision with roadside objects,2,1,Going straight,na,Not a Pedestrian,Driving carelessly,Slight Injury
17:25:00,Friday,Male,Elementary school,unknown,unknown,Public (12 seats),Owner,Unknown,No defect,Office areas,Undivided Two way,Tangent road with flat terrain,No junction,Asphalt roads,Dry,Daylight,Unknown,Vehicle with vehicle collision,3,3,unknown,na,Not a Pedestrian,Driving carelessly,Slight Injury
17:25:00,Friday,Male,Junior high school,Employee,5-10yr,Motorcycle,Owner,Unknown,No defect,Office areas,Undivided Two way,Tangent road with flat terrain,No junction,unknown,Dry,Daylight,Unknown,Vehicle with vehicle collision,3,3,Going straight,31-50,Not a Pedestrian,Driving under the influence of drugs,Slight Injury
17:25:00,Friday,Male,Junior high school,Employee,5-10yr,Public (12 seats),Governmental,Below 1yr,unknown,Residential areas,Two-way (divided with broken lines road marking),Tangent road with flat terrain,No junction,unknown,Dry,Daylight,Unknown,Vehicle with vehicle collision,3,3,Going straight,31-50,Not a Pedestrian,No priority to pedestrian,Slight Injury
17:25:00,Friday,Male,Junior high school,Owner,Below 1yr,Lorry (41?100Q),Owner,Unknown,No defect, Industrial areas,Undivided Two way,Tangent road with flat terrain,No junction,Asphalt roads,Dry,Daylight,Unknown,Vehicle with vehicle collision,3,3,Going straight,na,Not a Pedestrian,No priority to vehicle,Slight Injury
17:25:00,Friday,Male,Junior high school,Employee,5-10yr,Automobile,Owner,unknown,No defect,Office areas,Undivided Two way,Tangent road with flat terrain,No junction,Earth roads,Dry,Daylight,Unknown,Vehicle with vehicle collision,3,3,Going straight,Under 18,Not a Pedestrian,Driving carelessly,Slight Injury
07:35:00,Wednesday,Male,Elementary school,Employee,2-5yr,Lorry (41?100Q),Owner,unknown,No defect,Other,Undivided Two way,Tangent road with flat terrain,No junction,Asphalt roads,Wet or damp,Daylight,Raining,Collision with roadside-parked vehicles,3,1,Going straight,Over 51,Crossing from nearside - masked by parked or statioNot a Pedestrianry vehicle,Moving Backward,Slight Injury
07:35:00,Wednesday,Male,Junior high school,Owner,2-5yr,Stationwagen,Owner,unknown,unknown,Other,Two-way (divided with broken lines road marking),Tangent road with flat terrain,No junction,Asphalt roads,Wet or damp,Daylight,Raining,Collision with roadside-parked vehicles,3,1,Going straight,18-30,Not a Pedestrian,Driving carelessly,Slight Injury
07:35:00,Wednesday,Male,Elementary school,Employee,2-5yr,Pick up upto 10Q,Owner,unknown,No defect,Residential areas,Undivided Two way,Tangent road with flat terrain,No junction,Earth roads,Wet or damp,Daylight,Raining,Collision with animals,3,1,Going straight,18-30,Not a Pedestrian,No priority to vehicle,Slight Injury
15:20:00,Wednesday,Male,Junior high school,Owner,2-5yr,Automobile,Owner,unknown,unknown,Office areas,Two-way (divided with broken lines road marking),Tangent road with flat terrain,No junction,Asphalt roads,Dry,Daylight,Normal,Collision with animals,1,1,Other,na,Not a Pedestrian,Changing lane to the right,Serious Injury
06:40:00,Thursday,Male,Junior high school,Employee,Above 10yr,Automobile,Organization,unknown,unknown,Residential areas,other,Tangent road with flat terrain,Crossing,Asphalt roads,Dry,Darkness - lights lit,Normal,Collision with animals,2,1,Going straight,18-30,Not a Pedestrian,Changing lane to the left,Slight Injury
06:40:00,Thursday,Male,Junior high school,Employee,2-5yr,unknown,Owner,unknown,unknown,Office areas,Two-way (divided with broken lines road marking),Tangent road with flat terrain,Crossing,Asphalt roads,Dry,Darkness - lights lit,Normal,Collision with animals,2,1,Going straight,31-50,Not a Pedestrian,No priority to vehicle,Slight Injury
14:33:00,Sunday,Male,Junior high school,Employee,1-2yr,Other,unknown,unknown,unknown, Church areas,Two-way (divided with broken lines road marking),Tangent road with flat terrain,Y Shape,Asphalt roads,Dry,Daylight,Normal,Collision with animals,3,2,Going straight,na,Not a Pedestrian,Driving carelessly,Slight Injury
14:33:00,Sunday,Male,Junior high school,Employee,2-5yr,Automobile,Organization,5-10yrs,unknown,Residential areas,Two-way (divided with broken lines road marking),Tangent road with flat terrain,Y Shape,Asphalt roads,Dry,Daylight,Normal,Collision with animals,3,2,Going straight,Under 18,Not a Pedestrian,Moving Backward,Slight Injury
14:33:00,Sunday,Male,Junior high school,Employee,1-2yr,Public (13?45 seats),Owner,Above 10yr,unknown,School areas,other,Tangent road with flat terrain,Y Shape,Asphalt roads,Dry,Daylight,Normal,Collision with animals,3,2,Going straight,31-50,Not a Pedestrian,Overtaking,Slight Injury
14:33:00,Sunday,Male,Junior high school,Employee,5-10yr,Public (13?45 seats),Owner,5-10yrs,unknown, Hospital areas,other,Steep grade downward with mountainous terrain,Y Shape,Asphalt roads,Dry,Daylight,Normal,Collision with animals,3,2,Going straight,na,Not a Pedestrian,Changing lane to the left,Slight Injury
14:33:00,Sunday,Male,Junior high school,Employee,5-10yr,Automobile,Owner,2-5yrs,unknown,Other,Undivided Two way,Tangent road with flat terrain,Y Shape,Asphalt roads,Dry,Daylight,Normal,Collision with animals,3,2,Moving Backward,18-30,Not a Pedestrian,Changing lane to the right,Slight Injury
14:33:00,Sunday,Male,Elementary school,Owner,2-5yr,Public (12 seats),Owner,unknown,unknown,School areas,Double carriageway (median),Tangent road with flat terrain,Y Shape,Asphalt roads,Dry,Daylight,Normal,Collision with animals,3,2,Going straight,na,Not a Pedestrian,Overtaking,Slight Injury
07:20:00,Wednesday,Male,Elementary school,Employee,Below 1yr,Public (12 seats),Owner,Above 10yr,No defect,Other,other,Tangent road with flat terrain,Y Shape,Asphalt roads,Wet or damp,Daylight,Normal,Collision with animals,1,1,Going straight,31-50,Not a Pedestrian,Overloading,Serious Injury
10:04:00,Thursday,Male,unknown,unknown,unknown,Lorry (41?100Q),Owner,5-10yrs,unknown, Industrial areas,Undivided Two way,Tangent road with flat terrain,Unknown,Asphalt roads,Dry,Daylight,Normal,Collision with animals,1,1,Going straight,18-30,Not a Pedestrian,Other,Serious Injury
14:20:00,Saturday,Male,Junior high school,Employee,Above 10yr,Automobile,Owner,Unknown,No defect, Church areas,Two-way (divided with broken lines road marking),Tangent road with flat terrain,Other,Asphalt roads,Wet or damp,Daylight,Other,Other,2,1,Going straight,31-50,Not a Pedestrian,No priority to vehicle,Slight Injury
14:20:00,Saturday,Female,High school,Employee,1-2yr,Pick up upto 10Q,Owner,unknown,No defect,Office areas,Two-way (divided with broken lines road marking),Tangent road with flat terrain,Other,Asphalt roads with some distress,Wet or damp,Daylight,Other,Rollover,2,1,Going straight,18-30,Not a Pedestrian,Changing lane to the right,Slight Injury
19:50:00,Monday,Female,Junior high school,Owner,5-10yr,Pick up upto 10Q,Owner,unknown,No defect,Other,Two-way (divided with broken lines road marking),Tangent road with flat terrain,No junction,Asphalt roads,Wet or damp,Darkness - lights lit,Raining,Collision with animals,2,2,Going straight,na,Not a Pedestrian,Moving Backward,Slight Injury
19:50:00,Monday,Male,Junior high school,Employee,1-2yr,Lorry (41?100Q),Owner,unknown,No defect,Office areas,Double carriageway (median),Tangent road with flat terrain,No junction,Asphalt roads,Wet or damp,Darkness - lights lit,Raining,Rollover,2,2,Going straight,Under 18,Not a Pedestrian,Changing lane to the left,Slight Injury
19:50:00,Monday,Male,Junior high school,Employee,Above 10yr,Automobile,Owner,unknown,No defect,Office areas,Double carriageway (median),Tangent road with flat terrain,No junction,Asphalt roads,Wet or damp,Darkness - lights lit,Raining,Collision with animals,2,2,Going straight,na,Not a Pedestrian,No priority to pedestrian,Slight Injury
10:20:00,Tuesday,Male,Junior high school,Employee,Below 1yr,Stationwagen,Governmental,unknown,No defect,Office areas,Double carriageway (median),Tangent road with flat terrain,No junction,Asphalt roads,Dry,Daylight,Normal,Collision with animals,2,1,Going straight,Over 51,Not a Pedestrian,No distancing,Slight Injury
10:20:00,Tuesday,Male,Elementary school,Employee,2-5yr,Motorcycle,Owner,unknown,No defect,Residential areas,Double carriageway (median),Tangent road with flat terrain,No junction,Asphalt roads,Dry,Daylight,Normal,Vehicle with vehicle collision,2,1,Going straight,18-30,Not a Pedestrian,No priority to vehicle,Slight Injury
15:20:00,Wednesday,Male,Junior high school,Employee,5-10yr,unknown,Owner,unknown,No defect,Office areas,Double carriageway (median),Tangent road with flat terrain,No junction,Asphalt roads,Dry,Daylight,Normal,Fall from vehicles,1,1,Going straight,na,Not a Pedestrian,No distancing,Slight Injury
11:53:00,Saturday,Male,Elementary school,Employee,5-10yr,Other,Owner,2-5yrs,unknown,Other,Undivided Two way,Tangent road with flat terrain,No junction,Asphalt roads,Dry,Daylight,Normal,Collision with roadside-parked vehicles,1,1,Going straight,Over 51,Not a Pedestrian,No distancing,Slight Injury
06:46:00,Tuesday,Male,Junior high school,Owner,1-2yr,Automobile,Owner,2-5yrs,unknown, Industrial areas,One way,unknown,Other,Asphalt roads,Dry,Daylight,Normal,Collision with roadside-parked vehicles,2,1,Other,na,Not a Pedestrian,Moving Backward,Slight Injury
06:46:00,Tuesday,Male,Junior high school,Employee,5-10yr,Automobile,Owner,unknown,No defect,Other,One way,Tangent road with flat terrain,Other,Asphalt roads,Dry,Daylight,Normal,Rollover,2,1,Going straight,Under 18,Not a Pedestrian,Changing lane to the right,Slight Injury
01:10:00,Wednesday,Male,Unknown,Other,unknown,unknown,Owner,unknown,No defect,Office areas,Double carriageway (median),Tangent road with flat terrain,Y Shape,Asphalt roads,Wet or damp,Darkness - lights lit,Normal,Collision with animals,2,1,Going straight,18-30,Crossing from nearside - masked by parked or statioNot a Pedestrianry vehicle,No priority to pedestrian,Slight Injury
01:10:00,Wednesday,Male,High school,Employee,2-5yr,Public (> 45 seats),Governmental,Unknown,unknown,Office areas,Two-way (divided with broken lines road marking),Tangent road with flat terrain,Y Shape,Asphalt roads,Wet or damp,Darkness - lights lit,Normal,Collision with animals,2,1,Going straight,na,Not a Pedestrian,Moving Backward,Slight Injury
08:50:00,Monday,Male,Junior high school,Employee,1-2yr,Automobile,Governmental,unknown,No defect,unknown,Double carriageway (median),Tangent road with flat terrain,O Shape,Asphalt roads,Wet or damp,Daylight,Raining,Fall from vehicles,2,1,Going straight,18-30,Not a Pedestrian,Getting off the vehicle improperly,Slight Injury
08:50:00,Monday,Male,Junior high school,Employee,5-10yr,Other,Owner,unknown,unknown,Other,unknown,Tangent road with flat terrain,O Shape,Asphalt roads,Wet or damp,Daylight,Raining,Collision with roadside-parked vehicles,2,1,Going straight,18-30,Not a Pedestrian,Overtaking,Slight Injury
12:38:00,Thursday,Male,Junior high school,Employee,2-5yr,Automobile,Owner,Unknown,unknown,Office areas,Double carriageway (median),Tangent road with flat terrain,Crossing,Asphalt roads,Dry,Daylight,Normal,Collision with animals,2,2,Going straight,na,Not a Pedestrian,Overloading,Slight Injury
12:38:00,Thursday,Male,Junior high school,Employee,No Licence,Other,Owner,unknown,No defect,Office areas,Two-way (divided with broken lines road marking),Tangent road with flat terrain,Crossing,Asphalt roads,Dry,Daylight,Normal,Collision with animals,2,2,Going straight,31-50,Unknown or other,Changing lane to the right,Slight Injury
12:38:00,Thursday,Male,Junior high school,Employee,Above 10yr,Lorry (41?100Q),Owner,5-10yrs,unknown,Office areas,Undivided Two way,Tangent road with flat terrain,Crossing,Asphalt roads,Dry,Daylight,Normal,Collision with pedestrians,2,2,Other,18-30,Not a Pedestrian,Improper parking,Slight Injury
16:30:00,Thursday,Male,Junior high school,Employee,Above 10yr,Pick up upto 10Q,Owner,unknown,unknown,Other,Undivided Two way,Tangent road with flat terrain,No junction,Asphalt roads,Wet or damp,Daylight,Raining,Vehicle with vehicle collision,2,2,Going straight,na,Not a Pedestrian,Other,Fatal injury
16:30:00,Thursday,Male,Junior high school,Employee,5-10yr,Public (13?45 seats),Owner,unknown,No defect,Other,Undivided Two way,Tangent road with flat terrain,No junction,Asphalt roads,Wet or damp,Daylight,Raining,Vehicle with vehicle collision,2,2,Going straight,18-30,Crossing from nearside - masked by parked or statioNot a Pedestrianry vehicle,Changing lane to the left,Fatal injury
16:30:00,Thursday,Male,High school,Employee,2-5yr,Automobile,Owner,unknown,No defect,  Recreational areas,Undivided Two way,Tangent road with flat terrain,No junction,Asphalt roads,Wet or damp,Daylight,Raining,Collision with pedestrians,2,2,Going straight,Under 18,Not a Pedestrian,Changing lane to the right,Fatal injury
17:40:00,Wednesday,Female,High school,Owner,2-5yr,Pick up upto 10Q,Owner,unknown,No defect, Church areas,Undivided Two way,Tangent road with flat terrain,No junction,Gravel roads,Dry,Daylight,Unknown,Vehicle with vehicle collision,2,1,Going straight,Over 51,Not a Pedestrian,No priority to pedestrian,Slight Injury
17:40:00,Wednesday,Male,Junior high school,Employee,Below 1yr,Automobile,Other,1-2yr,No defect,  Recreational areas,other,Tangent road with flat terrain,No junction,Asphalt roads,Dry,Daylight,Unknown,Collision with roadside objects,2,1,Going straight,31-50,Not a Pedestrian,Overspeed,Slight Injury
05:50:00,Tuesday,Male,Junior high school,Owner,Above 10yr,Lorry (41?100Q),Owner,5-10yrs,No defect,School areas,other,Tangent road with flat terrain,No junction,Asphalt roads,Wet or damp,Darkness - lights lit,Other,Vehicle with vehicle collision,2,1,Going straight,na,Not a Pedestrian,Changing lane to the left,Serious Injury
05:50:00,Tuesday,Female,Junior high school,Employee,Above 10yr,Automobile,Owner,unknown,No defect, Church areas,Double carriageway (median),Tangent road with flat terrain,No junction,Asphalt roads,Wet or damp,Darkness - lights lit,Other,Vehicle with vehicle collision,2,1,Going straight,18-30,Not a Pedestrian,No priority to vehicle,Serious Injury
06:53:00,Wednesday,Male,Elementary school,Employee,2-5yr,Lorry (41?100Q),Owner,5-10yrs,unknown,Office areas,unknown,Tangent road with flat terrain,Other,Asphalt roads,Wet or damp,Darkness - lights lit,Normal,Vehicle with vehicle collision,2,1,Going straight,18-30,Not a Pedestrian,Changing lane to the right,Fatal injury
06:53:00,Wednesday,Male,Junior high school,Employee,2-5yr,Lorry (41?100Q),Owner,2-5yrs,unknown,Residential areas,One way,Steep grade downward with mountainous terrain,Other,Asphalt roads,Wet or damp,Darkness - lights lit,Normal,Rollover,2,1,Going straight,na,Not a Pedestrian,No distancing,Fatal injury
09:59:00,Tuesday,Male,Unknown,Employee,Above 10yr,Lorry (41?100Q),Owner,unknown,No defect,Other,One way,Tangent road with flat terrain,No junction,Asphalt roads,Dry,Daylight,Cloudy,Vehicle with vehicle collision,2,1,Moving Backward,18-30,Not a Pedestrian,No priority to pedestrian,Slight Injury
09:59:00,Tuesday,Male,Elementary school,Employee,5-10yr,Public (13?45 seats),Owner,unknown,No defect,Other,Undivided Two way,Tangent road with flat terrain,No junction,Asphalt roads,Dry,Daylight,Cloudy,Vehicle with vehicle collision,2,1,Going straight,na,Not a Pedestrian,No distancing,Slight Injury
14:30:00,Saturday,Male,Junior high school,Employee,Below 1yr,Automobile,Governmental,1-2yr,No defect, Industrial areas,One way,Tangent road with flat terrain,Crossing,Asphalt roads,Wet or damp,Daylight,Normal,Vehicle with vehicle collision,2,1,Going straight,18-30,Not a Pedestrian,No priority to vehicle,Slight Injury
14:30:00,Saturday,Male,Elementary school,Employee,Below 1yr,Other,Governmental,1-2yr,No defect, Church areas,other,Steep grade downward with mountainous terrain,Crossing,Asphalt roads,Wet or damp,Daylight,Normal,Collision with pedestrians,2,1,Going straight,Over 51,Not a Pedestrian,Other,Slight Injury
17:50:00,Thursday,Male,Junior high school,Employee,Below 1yr,Other,Organization,1-2yr,No defect,Office areas,other,Tangent road with flat terrain,Y Shape,Asphalt roads,Wet or damp,Darkness - lights lit,Other,Vehicle with vehicle collision,2,3,Going straight,31-50,Not a Pedestrian,Driving carelessly,Slight Injury
17:50:00,Thursday,Male,Junior high school,Employee,5-10yr,Other,Owner,Unknown,No defect,Office areas,Undivided Two way,Tangent road with flat terrain,Y Shape,Asphalt roads,Wet or damp,Darkness - lights lit,Other,Collision with roadside objects,2,3,Moving Backward,na,Not a Pedestrian,Changing lane to the left,Slight Injury
17:50:00,Thursday,Male,Junior high school,Owner,5-10yr,Automobile,Owner,unknown,unknown,Office areas,Double carriageway (median),Tangent road with flat terrain,Y Shape,Asphalt roads,Wet or damp,Darkness - lights lit,Other,Vehicle with vehicle collision,2,3,Going straight,Over 51,Crossing from nearside - masked by parked or statioNot a Pedestrianry vehicle,Driving carelessly,Slight Injury
17:50:00,Thursday,Male,High school,Owner,5-10yr,Other,Owner,2-5yrs,unknown,Other,Two-way (divided with broken lines road marking),Tangent road with flat terrain,Y Shape,Asphalt roads,Wet or damp,Darkness - lights lit,Other,Rollover,2,3,Other,31-50,Not a Pedestrian,Changing lane to the left,Slight Injury
19:08:00,Friday,Male,Junior high school,Employee,5-10yr,Lorry (41?100Q),Owner,unknown,unknown,Office areas,Undivided Two way,Tangent road with flat terrain,No junction,Asphalt roads,Wet or damp,Darkness - lights lit,Normal,Vehicle with vehicle collision,1,1,Other,na,Not a Pedestrian,No priority to vehicle,Slight Injury
13:11:00,Monday,Male,Junior high school,Employee,2-5yr,Public (12 seats),Owner,unknown,No defect,Other,Double carriageway (median),Tangent road with flat terrain,No junction,Gravel roads,Dry,Daylight,Normal,Vehicle with vehicle collision,3,1,Going straight,na,Not a Pedestrian,No distancing,Slight Injury
13:11:00,Monday,Male,Elementary school,Employee,5-10yr,Lorry (41?100Q),Owner,Above 10yr,No defect, Industrial areas,Two-way (divided with broken lines road marking),Tangent road with flat terrain,No junction,Asphalt roads,Dry,Daylight,Normal,Vehicle with vehicle collision,3,1,Going straight,31-50,Not a Pedestrian,Changing lane to the right,Slight Injury
13:11:00,Monday,Male,Junior high school,Employee,2-5yr,Public (12 seats),Owner,unknown,No defect,Residential areas,other,Tangent road with flat terrain,No junction,Asphalt roads,Dry,Daylight,Normal,Vehicle with vehicle collision,3,1,Going straight,18-30,Crossing from driver's nearside,Changing lane to the right,Slight Injury
12:43:00,Monday,Male,Junior high school,Employee,Below 1yr,Lorry (41?100Q),Owner,unknown,No defect,Other,Two-way (divided with broken lines road marking),Tangent road with flat terrain,T Shape,Asphalt roads,Dry,Daylight,Normal,Vehicle with vehicle collision,2,1,Going straight,31-50,Not a Pedestrian,Driving at high speed,Slight Injury
12:43:00,Monday,Male,Elementary school,Employee,2-5yr,Other,Owner,5-10yrs,unknown,Other,One way,Tangent road with flat terrain,T Shape,Asphalt roads,Dry,Daylight,Normal,Collision with roadside objects,2,1,Other,na,Not a Pedestrian,No distancing,Slight Injury