Time,Day_of_week,Sex_of_driver,Educational_level,Vehicle_driver_relation,Driving_experience,Type_of_vehicle,Owner_of_vehicle,Service_year_of_vehicle,Defect_of_vehicle,Area_accident_occured,Lanes_or_Medians,Road_allignment,Types_of_Junction,Road_surface_type,Road_surface_conditions,Light_conditions,Weather_conditions,Type_of_collision,Number_of_vehicles_involved,Number_of_casualties,Vehicle_movement,Age_band_of_casualty,Pedestrian_movement,Cause_of_accident,Accident_severity
01:30:00,Monday,Male,Junior high school,Employee,Above 10yr,Taxi,Owner,5-10yrs,unknown,Residential areas,Undivided Two way,Tangent road with flat terrain,Y Shape,Asphalt roads,Dry,Darkness - lights lit,Normal,Vehicle with vehicle collision,3,2,Going straight,na,Not a Pedestrian,Changing lane to the right,Slight Injury
01:30:00,Monday,Male,Junior high school,Employee,5-10yr,Other,Owner,Unknown,No defect,unknown,other,Tangent road with flat terrain,Y Shape,Asphalt roads,Dry,Darkness - lights lit,Normal,Vehicle with vehicle collision,3,2,Going straight,18-30,Not a Pedestrian,Driving carelessly,Slight Injury
01:30:00,Monday,Male,Junior high school,Employee,No Licence,Automobile,Owner,5-10yrs,No defect,Other,Undivided Two way,Tangent road with flat terrain,Y Shape,Asphalt roads,Dry,Darkness - lights lit,Normal,Vehicle with vehicle collision,3,2,Waiting to go,na,Not a Pedestrian,Driving to the left,Slight Injury
19:45:00,Saturday,Male,Above high school,Employee,Below 1yr,Automobile,Owner,Unknown,unknown,Other,Two-way (divided with solid lines road marking),Tangent road with flat terrain,No junction,Asphalt roads,Dry,Daylight,Normal,Vehicle with vehicle collision,2,1,Going straight,31-50,Not a Pedestrian,Changing lane to the right,Slight Injury
19:45:00,Saturday,Male,Elementary school,Employee,5-10yr,Automobile,Owner,Unknown,No defect, Church areas,Two-way (divided with solid lines road marking),Tangent road with flat terrain,No junction,Earth roads,Dry,Daylight,Normal,Collision with pedestrians,2,1,Other,18-30,Not a Pedestrian,Changing lane to the right,Slight Injury
16:12:00,Saturday,Male,Elementary school,Employee,5-10yr,Automobile,Governmental,unknown,No defect,Other,Two-way (divided with solid lines road marking),Tangent road with flat terrain,Y Shape,Asphalt roads,Dry,Daylight,Normal,Collision with roadside objects,2,1,Going straight,Under 18,Not a Pedestrian,Driving carelessly,Slight Injury
16:12:00,Saturday,Male,Junior high school,Employee,5-10yr,Public (> 45 seats),Owner,Unknown,No defect, Church areas,Two-way (divided with solid lines road marking),Tangent road with flat terrain,Y Shape,Asphalt roads,Dry,Daylight,Normal,Collision with roadside objects,2,1,Going straight,18-30,Not a Pedestrian,Changing lane to the left,Slight Injury
16:46:00,Wednesday,Male,High school,Employee,5-10yr,Lorry (11?40Q),Owner,Unknown,No defect, Church areas,Two-way (divided with broken lines road marking),Tangent road with flat terrain,O Shape,Asphalt roads,Dry,Daylight,Normal,Vehicle with vehicle collision,2,1,Going straight,na,Not a Pedestrian,No priority to vehicle,Slight Injury
16:46:00,Wednesday,Male,Junior high school,Employee,5-10yr,Lorry (41?100Q),Owner,Above 10yr,No defect,Other,Undivided Two way,Tangent road with flat terrain,O Shape,Asphalt roads,Dry,Daylight,Normal,Vehicle with vehicle collision,2,1,Going straight,na,Not a Pedestrian,Driving carelessly,Slight Injury
16:46:00,Wednesday,Male,Junior high school,Employee,2-5yr,Lorry (41?100Q),Governmental,5-10yrs,No defect,Other,Undivided Two way,Tangent road with flat terrain,O Shape,Asphalt roads,Dry,Daylight,Normal,Vehicle with vehicle collision,2,1,Overtaking,18-30,Not a Pedestrian,Changing lane to the right,Slight Injury
16:46:00,Wednesday,Male,Writing & reading,Employee,5-10yr,Stationwagen,Owner,5-10yrs,No defect,School areas,other,Tangent road with flat terrain,O Shape,Asphalt roads,Dry,Daylight,Normal,Vehicle with vehicle collision,2,1,Going straight,31-50,Not a Pedestrian,Driving carelessly,Slight Injury
17:15:00,Monday,Female,Junior high school,Employee,Above 10yr,Other,Owner,Above 10yr,No defect,Residential areas,Undivided Two way,Tangent road with flat terrain,Y Shape,Asphalt roads,Dry,Daylight,Unknown,Vehicle with vehicle collision,2,1,Going straight,18-30,Not a Pedestrian,Driving under the influence of drugs,Slight Injury
17:15:00,Monday,Male,Junior high school,Employee,1-2yr,Automobile,unknown,1-2yr,No defect,Other,Two-way (divided with broken lines road marking),Tangent road with flat terrain,Y Shape,Asphalt roads,Dry,Daylight,Unknown,Collision with roadside objects,2,1,Going straight,na,Not a Pedestrian,No distancing,Slight Injury
13:40:00,Sunday,Male,Writing & reading,Employee,Below 1yr,Pick up upto 10Q,Owner,Above 10yr,No defect,Office areas,Undivided Two way,Tangent road with flat terrain,Crossing,Asphalt roads,Dry,Daylight,Normal,Vehicle with vehicle collision,2,1,Turnover,31-50,Not a Pedestrian,Changing lane to the left,Slight Injury
13:40:00,Sunday,Male,Elementary school,Employee,1-2yr,Motorcycle,Owner,Above 10yr,No defect,Residential areas,Undivided Two way,Tangent road with flat terrain,Crossing,Asphalt roads,Dry,Daylight,Normal,Vehicle with vehicle collision,2,1,Going straight,na,Not a Pedestrian,No priority to vehicle,Slight Injury
18:10:00,Wednesday,Male,Junior high school,Employee,5-10yr,Automobile,Owner,Above 10yr,No defect,Other,One way,Steep grade downward with mountainous terrain,Y Shape,Earth roads,Dry,Daylight,Unknown,Vehicle with vehicle collision,2,1,Going straight,na,Not a Pedestrian,Moving Backward,Slight Injury
18:10:00,Wednesday,Male,Elementary school,Employee,Above 10yr,Pick up upto 10Q,Owner,Above 10yr,No defect,Residential areas,Two-way (divided with broken lines road marking),Tangent road with flat terrain,Y Shape,Asphalt roads,Dry,Daylight,Unknown,Vehicle with vehicle collision,2,1,Getting off,31-50,Not a Pedestrian,Moving Backward,Slight Injury
02:20:00,Saturday,Male,Junior high school,Employee,5-10yr,Motorcycle,Owner,5-10yrs,No defect,Residential areas,Undivided Two way,Tangent road with flat terrain,No junction,Asphalt roads,Wet or damp,Darkness - lights lit,Normal,Vehicle with vehicle collision,2,1,Moving Backward,18-30,Not a Pedestrian,No distancing,Serious Injury
02:20:00,Saturday,Male,Elementary school,Employee,2-5yr,Stationwagen,Owner,unknown,No defect,Residential areas,Two-way (divided with broken lines road marking),Tangent road with flat terrain,No junction,Asphalt roads,Wet or damp,Darkness - lights lit,Normal,Vehicle with vehicle collision,2,1,Getting off,na,Not a Pedestrian,Changing lane to the right,Serious Injury
13:50:00,Monday,Male,Junior high school,Employee,2-5yr,Lorry (41?100Q),Owner,1-2yr,No defect,Other,other,Tangent road with flat terrain,No junction,Asphalt roads,Dry,Daylight,Normal,Collision with pedestrians,2,1,Overtaking,na,Not a Pedestrian,Changing lane to the right,Slight Injury
13:50:00,Monday,Male,Junior high school,Employee,Above 10yr,Taxi,Owner,5-10yrs,No defect,Other,Undivided Two way,Tangent road with flat terrain,No junction,Earth roads,Dry,Daylight,Normal,Collision with pedestrians,2,1,Going straight,31-50,Not a Pedestrian,Moving Backward,Slight Injury
00:17:00,Sunday,Male,Junior high school,Employee,2-5yr,Automobile,Owner,5-10yrs,No defect,Other,One way,Tangent road with flat terrain,Y Shape,Asphalt roads,Dry,Darkness - lights lit,Normal,Collision with roadside objects,2,2,Going straight,na,Not a Pedestrian,Driving carelessly,Slight Injury
00:17:00,Sunday,Male,Junior high school,Owner,Below 1yr,Long lorry,Owner,1-2yr,No defect, Hospital areas,Undivided Two way,Tangent road with flat terrain,Y Shape,Asphalt roads,Dry,Darkness - lights lit,Normal,Collision with pedestrians,2,2,Going straight,18-30,Not a Pedestrian,Driving under the influence of drugs,Slight Injury
00:17:00,Sunday,Male,Junior high school,Employee,2-5yr,Automobile,Owner,2-5yrs,No defect,Residential areas,Undivided Two way,Tangent road with flat terrain,Y Shape,Asphalt roads,Dry,Darkness - lights lit,Normal,Vehicle with vehicle collision,2,2,Reversing,31-50,Not a Pedestrian,No distancing,Slight Injury
17:30:00,Wednesday,Male,Junior high school,Employee,Above 10yr,Public (12 seats),Owner,5-10yrs,No defect,Residential areas,One way,Tangent road with flat terrain,Unknown,Asphalt roads,Dry,Daylight,Normal,Vehicle with vehicle collision,2,1,Getting off,Under 18,Not a Pedestrian,No distancing,Slight Injury
17:30:00,Wednesday,Male,Junior high school,Employee,2-5yr,Lorry (11?40Q),Owner,5-10yrs,No defect,Residential areas,Undivided Two way,Tangent road with flat terrain,Unknown,Asphalt roads,Dry,Daylight,Normal,Vehicle with vehicle collision,2,1,Going straight,5,Crossing from nearside - masked by parked or statioNot a Pedestrianry vehicle,No priority to vehicle,Slight Injury
18:03:00,Wednesday,Female,Elementary school,Employee,Above 10yr,Pick up upto 10Q,Owner,1-2yr,No defect,Other,Two-way (divided with broken lines road marking),Tangent road with flat terrain,No junction,Asphalt roads,Dry,Daylight,Normal,Collision with roadside objects,2,2,Going straight,18-30,Not a Pedestrian,Driving to the left,Slight Injury
18:03:00,Wednesday,Male,Elementary school,Employee,Above 10yr,Lorry (41?100Q),Owner,1-2yr,No defect,Office areas,Two-way (divided with broken lines road marking),Tangent road with flat terrain,No junction,Asphalt roads,Dry,Daylight,Normal,Collision with roadside objects,2,2,Going straight,na,Not a Pedestrian,No priority to vehicle,Slight Injury
18:03:00,Wednesday,Male,Elementary school,Other,Above 10yr,Other,Owner,2-5yrs,No defect,Other,other,Tangent road with flat terrain,No junction,Asphalt roads,Dry,Daylight,Normal,Vehicle with vehicle collision,2,2,Reversing,Over 51,Not a Pedestrian,No priority to vehicle,Slight Injury
16:50:00,Thursday,Male,Junior high school,Employee,Above 10yr,Automobile,Owner,Unknown,No defect,Office areas,Double carriageway (median),Tangent road with flat terrain,No junction,Other,Dry,Daylight,Normal,Vehicle with vehicle collision,2,1,Going straight,na,Not a Pedestrian,No priority to vehicle,Serious Injury
16:50:00,Thursday,Male,Junior high school,Employee,Below 1yr,Long lorry,Owner,Unknown,No defect,Residential areas,Two-way (divided with broken lines road marking),Tangent road with flat terrain,No junction,Asphalt roads,Dry,Daylight,Normal,Vehicle with vehicle collision,2,1,Stopping,18-30,Not a Pedestrian,No distancing,Serious Injury
21:18:00,Monday,Male,Elementary school,Employee,5-10yr,Lorry (11?40Q),Owner,Unknown,No defect,Office areas,Double carriageway (median),Gentle horizontal curve,Y Shape,Asphalt roads,Dry,Darkness - lights lit,Normal,Vehicle with vehicle collision,1,1,Overtaking,na,Not a Pedestrian,Moving Backward,Fatal injury
18:10:00,Friday,Male,Junior high school,Employee,2-5yr,Long lorry,Owner,unknown,No defect,Office areas,Double carriageway (median),Tangent road with flat terrain,No junction,Asphalt roads,Wet or damp,Daylight,Raining,Vehicle with vehicle collision,1,1,Going straight,31-50,Not a Pedestrian,Changing lane to the right,Slight Injury
10:20:00,Sunday,Male,Junior high school,Employee,Above 10yr,Automobile,Organization,Unknown,No defect,Other,Double carriageway (median),Tangent road with flat terrain,Y Shape,Asphalt roads,Dry,Daylight,Unknown,Vehicle with vehicle collision,2,1,Reversing,Over 51,Not a Pedestrian,Driving carelessly,Slight Injury
10:20:00,Sunday,Male,Junior high school,Employee,Below 1yr,Taxi,Owner,Unknown,No defect,Office areas,Two-way (divided with broken lines road marking),Tangent road with flat terrain,Y Shape,Asphalt roads,Dry,Daylight,Unknown,Vehicle with vehicle collision,2,1,Going straight,31-50,Not a Pedestrian,Changing lane to the left,Slight Injury
21:00:00,Friday,Male,Junior high school,Owner,2-5yr,Taxi,Owner,Unknown,No defect,Office areas,unknown,Tangent road with flat terrain,Crossing,Asphalt roads,Dry,Darkness - lights lit,Normal,Vehicle with vehicle collision,4,1,Going straight,18-30,Not a Pedestrian,No distancing,Slight Injury
21:00:00,Friday,Male,Junior high school,Employee,Above 10yr,Long lorry,Governmental,Unknown,unknown,Office areas,One way,Tangent road with flat terrain,Crossing,Asphalt roads,Dry,Darkness - lights lit,Normal,Vehicle with vehicle collision,4,1,Reversing,na,Not a Pedestrian,Changing lane to the right,Slight Injury
21:00:00,Friday,Male,Writing & reading,Employee,2-5yr,Lorry (11?40Q),Owner,Unknown,unknown,Other,Undivided Two way,Tangent road with flat terrain,Crossing,Earth roads,Dry,Darkness - lights lit,Normal,Collision with roadside objects,4,1,Going straight,18-30,Not a Pedestrian,Driving under the influence of drugs,Slight Injury
21:00:00,Friday,Male,Junior high school,Employee,2-5yr,Lorry (11?40Q),Owner,Unknown,unknown,Residential areas,unknown,Tangent road with flat terrain,Crossing,Asphalt roads,Dry,Darkness - lights lit,Normal,Collision with roadside objects,4,1,Waiting to go,na,Not a Pedestrian,No distancing,Slight Injury
18:00:00,Saturday,Male,High school,Employee,2-5yr,Long lorry,Owner,2-5yrs,No defect,Residential areas,Two-way (divided with broken lines road marking),Gentle horizontal curve,No junction,Asphalt roads,Dry,Daylight,Normal,Collision with pedestrians,2,1,Going straight,18-30,Not a Pedestrian,Overturning,Serious Injury
18:00:00,Saturday,Male,Junior high school,Employee,1-2yr,Turbo,Owner,5-10yrs,unknown, Church areas,Two-way (divided with broken lines road marking),Tangent road with flat terrain,No junction,Asphalt roads,Dry,Daylight,Normal,Vehicle with vehicle collision,2,1,Going straight,na,Not a Pedestrian,No distancing,Serious Injury
17:00:00,Thursday,Male,High school,Employee,5-10yr,Long lorry,Owner,5-10yrs,unknown,Other,Two-way (divided with broken lines road marking),Tangent road with flat terrain,Y Shape,Asphalt roads,Dry,Daylight,Normal,Vehicle with vehicle collision,2,1,Going straight,31-50,Not a Pedestrian,Changing lane to the right,Slight Injury
17:00:00,Thursday,Male,Elementary school,Employee,2-5yr,Long lorry,Owner,Unknown,unknown,Residential areas,Two-way (divided with broken lines road marking),Tangent road with flat terrain,Y Shape,Asphalt roads,Dry,Daylight,Normal,Vehicle with vehicle collision,2,1,Going straight,na,Not a Pedestrian,No priority to vehicle,Slight Injury
18:53:00,Tuesday,Female,Junior high school,Employee,1-2yr,Public (13?45 seats),Owner,2-5yrs,unknown,Other,Undivided Two way,Tangent road with flat terrain,No junction,Asphalt roads,Dry,Daylight,Normal,Vehicle with vehicle collision,3,1,Getting off,18-30,Not a Pedestrian,Changing lane to the right,Slight Injury
18:53:00,Tuesday,Male,Elementary school,Employee,1-2yr,Automobile,Owner,2-5yrs,unknown,Residential areas,Undivided Two way,Tangent road with flat terrain,No junction,Asphalt roads,Dry,Daylight,Normal,Vehicle with vehicle collision,3,1,Going straight,na,Not a Pedestrian,Changing lane to the left,Slight Injury
18:53:00,Tuesday,Male,High school,Employee,No Licence,Automobile,Owner,2-5yrs,unknown,Residential areas,Two-way (divided with broken lines road marking),Tangent road with flat terrain,No junction,Asphalt roads,Dry,Daylight,Normal,Vehicle with vehicle collision,3,1,Going straight,31-50,Not a Pedestrian,No distancing,Slight Injury
13:19:00,Saturday,Female,Junior high school,Owner,5-10yr,Pick up upto 10Q,Owner,5-10yrs,No defect,Other,Two-way (divided with broken lines road marking),Tangent road with flat terrain,No junction,Asphalt roads,Dry,Daylight,Normal,Vehicle with vehicle collision,2,1,Going straight,18-30,Not a Pedestrian,No priority to pedestrian,Slight Injury
13:19:00,Saturday,Male,Junior high school,Employee,1-2yr,unknown,unknown,unknown,unknown,Other,Two-way (divided with broken lines road marking),Tangent road with flat terrain,No junction,Asphalt roads,Dry,Daylight,Normal,Vehicle with vehicle collision,2,1,Reversing,Over 51,Not a Pedestrian,Driving carelessly,Slight Injury
10:10:00,Saturday,Male,Junior high school,Employee,2-5yr,Stationwagen,Owner,Unknown,No defect,Other,Undivided Two way,Tangent road with flat terrain,Crossing,Asphalt roads,Dry,Daylight,Normal,Vehicle with vehicle collision,2,2,Turnover,na,Not a Pedestrian,No distancing,Slight Injury
10:10:00,Saturday,Male,Junior high school,Employee,5-10yr,unknown,Owner,Unknown,No defect,Other,Double carriageway (median),Tangent road with flat terrain,Crossing,Asphalt roads,Dry,Daylight,Normal,Collision with pedestrians,2,2,Going straight,18-30,Not a Pedestrian,Driving carelessly,Slight Injury
21:55:00,Sunday,Male,unknown,unknown,unknown,Automobile,Owner,Unknown,unknown,Residential areas,Two-way (divided with broken lines road marking),Tangent road with flat terrain,Crossing,Asphalt roads,Dry,Darkness - lights lit,Normal,Collision with pedestrians,2,1,Going straight,Over 51,Not a Pedestrian,Driving carelessly,Slight Injury
21:55:00,Sunday,Male,unknown,unknown,unknown,Automobile,Owner,2-5yrs,unknown,  Recreational areas,Undivided Two way,Tangent road with flat terrain,Crossing,Asphalt roads,Dry,Darkness - lights lit,Normal,Vehicle with vehicle collision,2,1,Going straight,na,Not a Pedestrian,Moving Backward,Slight Injury
21:37:00,Monday,Male,Junior high school,Employee,2-5yr,Long lorry,Owner,unknown,unknown,Other,other,Tangent road with flat terrain,Y Shape,Asphalt roads,Dry,Darkness - lights lit,Normal,Vehicle with vehicle collision,1,2,Going straight,18-30,Not a Pedestrian,Overtaking,Slight Injury
21:37:00,Monday,Male,Junior high school,Employee,Above 10yr,Public (13?45 seats),Owner,unknown,unknown,Office areas,Undivided Two way,Tangent road with flat terrain,Y Shape,Earth roads,Dry,Darkness - lights lit,Normal,Vehicle with vehicle collision,1,2,Getting off,31-50,Not a Pedestrian,No priority to vehicle,Slight Injury
08:20:00,Wednesday,Male,Junior high school,Owner,Above 10yr,Public (13?45 seats),unknown,unknown,unknown,Other,Undivided Two way,Tangent road with flat terrain,Crossing,Asphalt roads,Dry,Daylight,Normal,Vehicle with vehicle collision,2,1,Going straight,na,Not a Pedestrian,No priority to vehicle,Slight Injury
08:20:00,Wednesday,Male,unknown,unknown,unknown,Lorry (11?40Q),Owner,Unknown,unknown,Office areas,Undivided Two way,Tangent road with flat terrain,Crossing,unknown,Dry,Daylight,Normal,Vehicle with vehicle collision,2,1,Going straight,31-50,Unknown or other,Changing lane to the left,Slight Injury
16:49:00,Wednesday,Male,Elementary school,Owner,Above 10yr,Lorry (11?40Q),Owner,Unknown,unknown,Office areas,One way,Tangent road with flat terrain,Crossing,Asphalt roads,Wet or damp,Daylight,Raining,Vehicle with vehicle collision,2,1,Going straight,na,Not a Pedestrian,No priority to vehicle,Slight Injury
16:49:00,Wednesday,Male,unknown,unknown,unknown,Pick up upto 10Q,Owner,Unknown,unknown,Office areas,Undivided Two way,Tangent road with flat terrain,Crossing,Asphalt roads,Wet or damp,Daylight,Raining,Vehicle with vehicle collision,2,1,Going straight,31-50,Not a Pedestrian,No distancing,Slight Injury
13:01:00,Thursday,Male,Junior high school,Owner,5-10yr,Automobile,Owner,Unknown,No defect,Other,Undivided Two way,Tangent road with flat terrain,Y Shape,Asphalt roads,Dry,Daylight,Normal,Vehicle with vehicle collision,2,1,Going straight,Under 18,Not a Pedestrian,Moving Backward,Slight Injury
13:01:00,Thursday,Male,Junior high school,Owner,Above 10yr,Automobile,Governmental,Unknown,unknown,Other,Double carriageway (median),Tangent road with flat terrain,Y Shape,Asphalt roads,Dry,Daylight,Normal,Vehicle with vehicle collision,2,1,Going straight,Over 51,Not a Pedestrian,Changing lane to the right,Slight Injury
13:10:00,Tuesday,Male,High school,Owner,Above 10yr,Automobile,Owner,Unknown,No defect,Office areas,Two-way (divided with solid lines road marking),Tangent road with flat terrain,Y Shape,Asphalt roads,Dry,Daylight,Normal,Vehicle with vehicle collision,2,1,Going straight,na,Not a Pedestrian,No distancing,Slight Injury
13:10:00,Tuesday,Male,unknown,unknown,unknown,Long lorry,Owner,Unknown,unknown,Residential areas,other,Tangent road with flat terrain,Y Shape,Asphalt roads,Dry,Daylight,Normal,Vehicle with vehicle collision,2,1,Going straight,18-30,Not a Pedestrian,Overtaking,Slight Injury
15:43:00,Monday,Male,Elementary school,Employee,5-10yr,Long lorry,Governmental,2-5yrs,unknown,  Recreational areas,Undivided Two way,Tangent road with flat terrain,No junction,Asphalt roads,Dry,Daylight,Normal,Vehicle with vehicle collision,2,3,Going straight,na,Not a Pedestrian,No distancing,Serious Injury
15:43:00,Monday,Male,Elementary school,Owner,Above 10yr,Automobile,Owner,1-2yr,No defect,Other,other,Tangent road with flat terrain,No junction,Asphalt roads,Dry,Daylight,Normal,Vehicle with vehicle collision,2,3,Going straight,31-50,Not a Pedestrian,Changing lane to the left,Serious Injury
15:43:00,Monday,Male,Junior high school,Owner,Below 1yr,Stationwagen,Owner,Above 10yr,No defect,Residential areas,other,Tangent road with flat terrain,No junction,Asphalt roads,Dry,Daylight,Normal,Vehicle with vehicle collision,2,3,Reversing,31-50,Unknown or other,Driving under the influence of drugs,Serious Injury
15:43:00,Monday,Female,Junior high school,Owner,2-5yr,unknown,Owner,Unknown,No defect,Other,other,Tangent road with flat terrain,No junction,Gravel roads,Dry,Daylight,Normal,Vehicle with vehicle collision,2,3,Going straight,na,Not a Pedestrian,No distancing,Serious Injury
15:32:00,Friday,Male,Junior high school,Owner,2-5yr,Other,Owner,Unknown,unknown,Other,other,Tangent road with flat terrain,No junction,Asphalt roads,Wet or damp,Daylight,Other,Vehicle with vehicle collision,1,1,Turnover,31-50,Not a Pedestrian,No distancing,Serious Injury
20:11:00,Friday,Male,High school,Owner,5-10yr,Special vehicle,Owner,5-10yrs,unknown,Other,One way,Tangent road with flat terrain,Y Shape,Asphalt roads,Dry,Daylight,Normal,Vehicle with vehicle collision,2,2,Going straight,na,Not a Pedestrian,Changing lane to the right,Serious Injury
20:11:00,Friday,Male,Junior high school,Owner,unknown,Lorry (41?100Q),Owner,Unknown,No defect,Other,Two-way (divided with broken lines road marking),Tangent road with flat terrain,Y Shape,Asphalt roads,Dry,Daylight,Normal,Vehicle with vehicle collision,2,2,Going straight,Under 18,Not a Pedestrian,Changing lane to the left,Serious Injury
10:30:00,Monday,Female,unknown,Owner,Below 1yr,Pick up upto 10Q,Owner,2-5yrs,No defect,Other,other,Tangent road with flat terrain,Y Shape,Asphalt roads,Dry,Daylight,Normal,Vehicle with vehicle collision,2,1,Going straight,31-50,Not a Pedestrian,Moving Backward,Slight Injury
10:30:00,Monday,Male,Elementary school,Owner,Above 10yr,Lorry (11?40Q),Owner,Unknown,No defect,School areas,Undivided Two way,Tangent road with flat terrain,Y Shape,Asphalt roads,Dry,Daylight,Normal,Vehicle with vehicle collision,2,1,Going straight,na,Not a Pedestrian,No distancing,Slight Injury
17:46:00,Friday,Male,Elementary school,Owner,Below 1yr,Lorry (41?100Q),Owner,unknown,No defect,Office areas,Two-way (divided with broken lines road marking),Tangent road with flat terrain,Crossing,Asphalt roads,Wet or damp,Daylight,Raining,Vehicle with vehicle collision,2,2,Reversing,31-50,Not a Pedestrian,No distancing,Slight Injury
17:46:00,Friday,Male,Junior high school,Owner,5-10yr,Motorcycle,Owner,Unknown,No defect,Office areas,Two-way (divided with broken lines road marking),Tangent road with flat terrain,Crossing,Asphalt roads,Wet or damp,Daylight,Raining,Collision with roadside objects,2,2,Going straight,Under 18,Not a Pedestrian,Driving carelessly,Slight Injury
17:46:00,Friday,Male,Junior high school,Owner,5-10yr,Automobile,Owner,5-10yrs,No defect,Office areas,Two-way (divided with broken lines road marking),Tangent road with flat terrain,Crossing,Asphalt roads,Wet or damp,Daylight,Raining,Collision with roadside objects,2,2,Turnover,18-30,Not a Pedestrian,Moving Backward,Slight Injury
07:28:00,Wednesday,Male,unknown,Owner,unknown,Automobile,Owner,Unknown,No defect,School areas,unknown,Tangent road with flat terrain,Y Shape,Asphalt roads,Dry,Daylight,Normal,Vehicle with vehicle collision,2,1,Going straight,31-50,Not a Pedestrian,No distancing,Slight Injury
07:28:00,Wednesday,Male,Junior high school,Employee,1-2yr,Automobile,Governmental,unknown,No defect,School areas,Undivided Two way,Tangent road with flat terrain,Y Shape,Asphalt roads,Dry,Daylight,Normal,Vehicle with vehicle collision,2,1,Going straight,na,Not a Pedestrian,Changing lane to the right,Slight Injury
18:15:00,Friday,Male,High school,Owner,5-10yr,Stationwagen,Owner,unknown,No defect,Office areas,Two-way (divided with broken lines road marking),Tangent road with flat terrain,Y Shape,Asphalt roads,Dry,Daylight,Normal,Vehicle with vehicle collision,2,1,Going straight,Under 18,Not a Pedestrian,Driving carelessly,Serious Injury
18:15:00,Friday,Male,Junior high school,Employee,5-10yr,unknown,Owner,unknown,No defect,Office areas,Two-way (divided with broken lines road marking),Tangent road with flat terrain,Y Shape,Asphalt roads,Dry,Daylight,Normal,Vehicle with vehicle collision,2,1,Going straight,Over 51,Not a Pedestrian,Driving to the left,Serious Injury
22:34:00,Wednesday,Male,Junior high school,Employee,5-10yr,Public (> 45 seats),Governmental,Above 10yr,No defect,School areas,Two-way (divided with broken lines road marking),Tangent road with flat terrain,T Shape,Asphalt roads,Wet or damp,Darkness - lights lit,Raining,Collision with roadside objects,1,1,Going straight,na,Not a Pedestrian,Changing lane to the right,Slight Injury
13:15:00,Monday,Male,Junior high school,Employee,5-10yr,Public (> 45 seats),Owner,1-2yr,No defect,unknown,Two-way (divided with broken lines road marking),Tangent road with flat terrain,Other,Asphalt roads,Dry,Daylight,Normal,Vehicle with vehicle collision,3,1,Getting off,31-50,Not a Pedestrian,Driving carelessly,Slight Injury
13:15:00,Monday,Male,Junior high school,Employee,Above 10yr,Stationwagen,Owner,Above 10yr,No defect,Other,Two-way (divided with broken lines road marking),Tangent road with flat terrain,Other,Asphalt roads,Dry,Daylight,Normal,Collision with roadside objects,3,1,Moving Backward,na,Not a Pedestrian,Changing lane to the right,Slight Injury
13:15:00,Monday,Male,Junior high school,Employee,5-10yr,Automobile,Owner,Below 1yr,No defect,Other,Undivided Two way,Tangent road with flat terrain,Other,Asphalt roads,Dry,Daylight,Normal,Collision with roadside objects,3,1,Going straight,Under 18,Crossing from nearside - masked by parked or statioNot a Pedestrianry vehicle,No priority to vehicle,Slight Injury
20:17:00,Monday,Male,Junior high school,Employee,No Licence,Bicycle,Owner,Above 10yr,No defect,Other,Two-way (divided with broken lines road marking),Tangent road with flat terrain,No junction,Asphalt roads,Wet or damp,Darkness - lights lit,Raining,Collision with pedestrians,2,3,Turnover,18-30,Not a Pedestrian,Changing lane to the right,Slight Injury
20:17:00,Monday,Male,Above high school,Employee,Below 1yr,Automobile,Owner,Unknown,No defect,Residential areas,Undivided Two way,Tangent road with flat terrain,No junction,Other,Wet or damp,Darkness - lights lit,Raining,Vehicle with vehicle collision,2,3,Going straight,Over 51,Not a Pedestrian,Turnover,Slight Injury
20:17:00,Monday,Male,Elementary school,Employee,5-10yr,Lorry (41?100Q),Governmental,1-2yr,No defect,Other,Undivided Two way,Tangent road with flat terrain,No junction,Asphalt roads,Wet or damp,Darkness - lights lit,Raining,Collision with roadside objects,2,3,unknown,na,Not a Pedestrian,No priority to vehicle,Slight Injury
20:17:00,Monday,Female,Elementary school,Employee,5-10yr,Automobile,Owner,1-2yr,No defect,Other,Undivided Two way,Tangent road with flat terrain,No junction,Asphalt roads,Wet or damp,Darkness - lights lit,Raining,Vehicle with vehicle collision,2,3,Going straight,31-50,Not a Pedestrian,Driving at high speed,Slight Injury
21:15:00,Monday,Female,Junior high school,Employee,5-10yr,Public (13?45 seats),Owner,unknown,No defect, Industrial areas,Undivided Two way,Tangent road with flat terrain,No junction,Asphalt roads,Dry,Darkness - lights lit,Normal,Vehicle with vehicle collision,2,1,Going straight,Over 51,Not a Pedestrian,No distancing,Slight Injury
21:15:00,Monday,Male,High school,Employee,5-10yr,Special vehicle,Owner,unknown,No defect,  Recreational areas,Undivided Two way,Tangent road with flat terrain,No junction,Asphalt roads,Dry,Darkness - lights lit,Normal,Vehicle with vehicle collision,2,1,Going straight,18-30,Unknown or other,No distancing,Slight Injury
16:00:00,Saturday,Male,Junior high school,Employee,5-10yr,Automobile,Owner,Above 10yr,No defect, Church areas,Two-way (divided with broken lines road marking),Tangent road with flat terrain,No junction,Asphalt roads,Dry,Daylight,Normal,Vehicle with vehicle collision,2,4,Going straight,18-30,Unknown or other,Driving carelessly,Slight Injury