Time,Day_of_week,Sex_of_driver,Educational_level,Vehicle_driver_relation,Driving_experience,Type_of_vehicle,Owner_of_vehicle,Service_year_of_vehicle,Defect_of_vehicle,Area_accident_occured,Lanes_or_Medians,Road_allignment,Types_of_Junction,Road_surface_type,Road_surface_conditions,Light_conditions,Weather_conditions,Type_of_collision,Number_of_vehicles_involved,Number_of_casualties,Vehicle_movement,Age_band_of_casualty,Pedestrian_movement,Cause_of_accident,Accident_severity
17:40:00,Sunday,Male,Junior high school,Employee,2-5yr,Public (> 45 seats),Governmental,unknown,No defect,Office areas,Two-way (divided with broken lines road marking),Tangent road with flat terrain,unknown,Asphalt roads,Dry,Daylight,Normal,Vehicle with vehicle collision,2,2,Going straight,18-30,Not a Pedestrian,Changing lane to the right,Slight Injury
21:55:00,Saturday,Male,Junior high school,Employee,5-10yr,unknown,Owner,2-5yrs,unknown, Church areas,Undivided Two way,Tangent road with flat terrain,unknown,Asphalt roads,Dry,Daylight,Normal,Vehicle with vehicle collision,2,2,Going straight,na,Not a Pedestrian,Changing lane to the left,Slight Injury
21:55:00,Saturday,Male,Junior high school,Owner,Below 1yr,unknown,Governmental,unknown,unknown,Office areas,Two-way (divided with broken lines road marking),Tangent road with flat terrain,unknown,Asphalt roads,Dry,Daylight,Normal,Vehicle with vehicle collision,2,1,Going straight,18-30,Not a Pedestrian,No distancing,Slight Injury
07:30:00,Tuesday,Male,High school,Employee,Below 1yr,Automobile,Governmental,Unknown,unknown,Residential areas,Two-way (divided with broken lines road marking),Tangent road with flat terrain,unknown,Asphalt roads,Dry,Daylight,Normal,Collision with pedestrians,2,1,Going straight,31-50,Crossing from nearside - masked by parked or statioNot a Pedestrianry vehicle,Driving carelessly,Slight Injury
07:30:00,Tuesday,Male,Junior high school,Employee,unknown,Automobile,Owner,unknown,unknown,School areas,Two-way (divided with broken lines road marking),Tangent road with flat terrain,unknown,Asphalt roads,Dry,Darkness - lights lit,Normal,Vehicle with vehicle collision,2,1,Getting off,18-30,Not a Pedestrian,No priority to pedestrian,Slight Injury
10:41:00,Wednesday,Male,Junior high school,Employee,Below 1yr,Lorry (41?100Q),Owner,Unknown,unknown,Office areas,Undivided Two way,Tangent road with flat terrain,unknown,Asphalt roads,Dry,Darkness - lights lit,Normal,Collision with roadside objects,2,1,Going straight,Under 18,Not a Pedestrian,Driving carelessly,Slight Injury
13:16:00,Wednesday,Male,Junior high school,Employee,2-5yr,Automobile,Owner,5-10yrs,unknown,Other,Undivided Two way,Tangent road with flat terrain,unknown,Asphalt roads,Dry,Daylight,Normal,Vehicle with vehicle collision,2,2,Going straight,na,Not a Pedestrian,Moving Backward,Slight Injury
13:16:00,Wednesday,Male,Junior high school,Employee,2-5yr,Public (13?45 seats),Owner,unknown,unknown,Other,Double carriageway (median),Tangent road with flat terrain,unknown,Asphalt roads,Dry,Daylight,Normal,Vehicle with vehicle collision,2,2,Other,31-50,Not a Pedestrian,No distancing,Slight Injury
13:16:00,Wednesday,Female,Junior high school,Employee,5-10yr,Automobile,Governmental,unknown,No defect,Other,Double carriageway (median),Tangent road with flat terrain,unknown,Asphalt roads,Dry,Daylight,Normal,Vehicle with vehicle collision,2,2,Going straight,31-50,Not a Pedestrian,No distancing,Slight Injury
11:30:00,Thursday,Male,Elementary school,Employee,5-10yr,Public (> 45 seats),Owner,5-10yrs,No defect,Other,Two-way (divided with broken lines road marking),Tangent road with flat terrain,unknown,Asphalt roads,Dry,Daylight,Normal,Vehicle with vehicle collision,3,1,Going straight,31-50,Not a Pedestrian,No distancing,Slight Injury
11:30:00,Thursday,Male,unknown,Owner,5-10yr,Lorry (41?100Q),Owner,Unknown,No defect,Office areas,Double carriageway (median),Tangent road with mild grade and flat terrain,unknown,Asphalt roads,Dry,Daylight,Normal,Vehicle with vehicle collision,3,1,Going straight,31-50,Not a Pedestrian,Changing lane to the left,Slight Injury
19:31:00,Wednesday,Male,Junior high school,Employee,5-10yr,Automobile,Owner,unknown,unknown,Office areas,Two-way (divided with broken lines road marking),Tangent road with flat terrain,unknown,Asphalt roads,Dry,Daylight,Normal,Vehicle with vehicle collision,3,1,Going straight,18-30,Not a Pedestrian,Changing lane to the left,Slight Injury
19:31:00,Wednesday,Male,Junior high school,Owner,5-10yr,Lorry (11?40Q),Owner,unknown,unknown,Office areas,unknown,Tangent road with mild grade and flat terrain,unknown,Asphalt roads,Dry,Daylight,Normal,Vehicle with vehicle collision,2,1,Going straight,31-50,Crossing from offside - masked by  parked or statioNot a Pedestrianry vehicle,Moving Backward,Slight Injury
09:25:00,Friday,Male,Illiterate,Employee,2-5yr,Public (13?45 seats),Owner,unknown,unknown,Office areas,unknown,Tangent road with mild grade and flat terrain,unknown,Asphalt roads,Dry,Daylight,Normal,Vehicle with vehicle collision,2,1,Reversing,na,Not a Pedestrian,Changing lane to the right,Slight Injury
09:25:00,Friday,Male,Junior high school,Employee,5-10yr,Public (13?45 seats),Owner,unknown,unknown,Office areas,One way,Tangent road with flat terrain,unknown,Asphalt roads,Wet or damp,Daylight,Raining,Vehicle with vehicle collision,1,1,Other,18-30,Not a Pedestrian,No priority to vehicle,Slight Injury
14:10:00,Wednesday,Male,Junior high school,Employee,Below 1yr,unknown,unknown,unknown,unknown,Office areas,Two-way (divided with broken lines road marking),Tangent road with flat terrain,unknown,Asphalt roads,Dry,Daylight,Normal,Collision with roadside objects,2,1,Going straight,18-30,Not a Pedestrian,Moving Backward,Slight Injury
14:10:00,Wednesday,Male,Junior high school,Employee,1-2yr,Long lorry,Owner,unknown,unknown,Office areas,unknown,Tangent road with flat terrain,unknown,Asphalt roads,Dry,Daylight,Normal,Vehicle with vehicle collision,2,1,Going straight,na,Not a Pedestrian,Driving carelessly,Slight Injury
14:00:00,Friday,Male,Elementary school,Employee,2-5yr,Lorry (41?100Q),Owner,5-10yrs,unknown,Other,Undivided Two way,Tangent road with flat terrain,unknown,Asphalt roads,Dry,Daylight,Normal,Collision with roadside objects,2,1,Going straight,Under 18,Not a Pedestrian,Driving carelessly,Slight Injury
14:00:00,Friday,Male,Elementary school,Employee,2-5yr,Lorry (11?40Q),Owner,unknown,No defect,Other,Two-way (divided with broken lines road marking),Tangent road with flat terrain,unknown,Asphalt roads,Dry,Daylight,Normal,Vehicle with vehicle collision,2,1,Going straight,18-30,Not a Pedestrian,Driving under the influence of drugs,Slight Injury
22:05:00,Tuesday,Male,Elementary school,Employee,5-10yr,Lorry (41?100Q),unknown,2-5yrs,No defect,Residential areas,Two-way (divided with broken lines road marking),Tangent road with flat terrain,unknown,Asphalt roads,Wet or damp,Daylight,Raining,Vehicle with vehicle collision,1,1,Going straight,na,Not a Pedestrian,No priority to pedestrian,Serious Injury
22:05:00,Tuesday,Male,Junior high school,Employee,5-10yr,Public (12 seats),Owner,unknown,No defect,Other,Two-way (divided with broken lines road marking),Tangent road with flat terrain,unknown,Asphalt roads,Dry,Daylight,Normal,unknown,2,1,Going straight,31-50,Crossing from nearside - masked by parked or statioNot a Pedestrianry vehicle,No priority to vehicle,Slight Injury
07:00:00,Thursday,Male,unknown,unknown,unknown,unknown,Owner,5-10yrs,No defect,Other,Two-way (divided with broken lines road marking),Tangent road with flat terrain,unknown,Asphalt roads,Dry,Daylight,Normal,Collision with pedestrians,2,1,Going straight,18-30,Not a Pedestrian,Driving carelessly,Slight Injury
07:00:00,Thursday,Male,Junior high school,Employee,Above 10yr,Taxi,Governmental,unknown,No defect,Other,Two-way (divided with broken lines road marking),Tangent road with flat terrain,unknown,Asphalt roads,Dry,Daylight,Normal,Vehicle with vehicle collision,3,2,Going straight,18-30,Not a Pedestrian,Moving Backward,Slight Injury
07:35:00,Thursday,Male,Junior high school,Employee,Above 10yr,unknown,Owner,5-10yrs,unknown,Other,Undivided Two way,Tangent road with flat terrain,unknown,Asphalt roads,Dry,Daylight,Normal,Vehicle with vehicle collision,3,2,Going straight,Over 51,Not a Pedestrian,Driving carelessly,Slight Injury
07:35:00,Thursday,Unknown,Junior high school,Owner,Above 10yr,Automobile,Owner,unknown,unknown, Industrial areas,Undivided Two way,Tangent road with flat terrain,unknown,Asphalt roads,Dry,Daylight,Normal,Vehicle with vehicle collision,3,2,Moving Backward,na,Not a Pedestrian,No priority to vehicle,Slight Injury
08:43:00,Wednesday,Male,Junior high school,Employee,unknown,unknown,Owner,5-10yrs,unknown, Industrial areas,Undivided Two way,Tangent road with flat terrain,unknown,Asphalt roads,Wet or damp,Daylight,Raining,Collision with pedestrians,2,1,Moving Backward,na,Not a Pedestrian,Changing lane to the right,Slight Injury
08:43:00,Wednesday,Female,Junior high school,Employee,5-10yr,Lorry (41?100Q),Owner,unknown,No defect, Church areas,Double carriageway (median),Tangent road with flat terrain,unknown,Asphalt roads,Wet or damp,Daylight,Raining,Collision with roadside objects,2,1,Turnover,18-30,Not a Pedestrian,Changing lane to the left,Slight Injury
16:05:00,Tuesday,Male,Junior high school,Employee,2-5yr,Automobile,Owner,unknown,No defect,Other,Undivided Two way,Tangent road with flat terrain,unknown,Asphalt roads,Dry,Daylight,Normal,unknown,2,1,Other,Over 51,Not a Pedestrian,No priority to vehicle,Serious Injury
22:05:00,Friday,Male,Elementary school,Employee,5-10yr,Automobile,Owner,Above 10yr,unknown,Other,Undivided Two way,Tangent road with flat terrain,unknown,Asphalt roads with some distress,Dry,Daylight,Normal,Vehicle with vehicle collision,2,1,Other,31-50,Not a Pedestrian,Driving carelessly,Serious Injury
22:05:00,Friday,Male,Junior high school,Employee,2-5yr,Lorry (41?100Q),Owner,Unknown,No defect,Office areas,Undivided Two way,Tangent road with flat terrain,unknown,Asphalt roads,Wet or damp,Daylight,Normal,unknown,2,1,Going straight,18-30,Not a Pedestrian,Moving Backward,Slight Injury
22:05:00,Friday,Male,High school,Owner,5-10yr,Automobile,Owner,Unknown,No defect,Office areas,Undivided Two way,Tangent road with flat terrain,unknown,Asphalt roads,Wet or damp,Daylight,Normal,unknown,2,1,Going straight,na,Not a Pedestrian,No distancing,Slight Injury
22:05:00,Friday,Male,Junior high school,Employee,Above 10yr,Automobile,Governmental,Below 1yr,unknown,Residential areas,Two-way (divided with broken lines road marking),Tangent road with flat terrain,unknown,Asphalt roads,Dry,Daylight,Normal,unknown,2,1,Other,31-50,"In carriageway, statioNot a Pedestrianry - not crossing  (standing or playing)",Changing lane to the left,Slight Injury
03:40:00,Saturday,Female,Junior high school,Employee,2-5yr,Automobile,Owner,Unknown,No defect, Industrial areas,Undivided Two way,Tangent road with flat terrain,unknown,Asphalt roads,Dry,Daylight,Normal,Vehicle with vehicle collision,2,1,Other,18-30,Crossing from offside - masked by  parked or statioNot a Pedestrianry vehicle,Changing lane to the left,Slight Injury
09:25:00,Tuesday,Male,Elementary school,Employee,2-5yr,Taxi,Owner,unknown,No defect,Office areas,Undivided Two way,Tangent road with flat terrain,unknown,Gravel roads,Dry,Daylight,Normal,Vehicle with vehicle collision,2,1,Going straight,18-30,Crossing from offside - masked by  parked or statioNot a Pedestrianry vehicle,No distancing,Serious Injury
09:25:00,Tuesday,Male,High school,Owner,Above 10yr,unknown,Owner,unknown,No defect,Other,Undivided Two way,Tangent road with flat terrain,unknown,Asphalt roads,Dry,Daylight,Normal,Collision with roadside objects,2,1,Reversing,na,Not a Pedestrian,Changing lane to the left,Serious Injury
09:25:00,Tuesday,Male,Elementary school,Employee,1-2yr,unknown,Owner,unknown,unknown,Other,Two-way (divided with broken lines road marking),Tangent road with flat terrain,unknown,Asphalt roads,Dry,Daylight,Normal,Collision with roadside objects,1,2,Other,18-30,Not a Pedestrian,Driving carelessly,Serious Injury
09:25:00,Tuesday,Male,Junior high school,Employee,Above 10yr,Automobile,Owner,unknown,No defect,Residential areas,Undivided Two way,Tangent road with flat terrain,unknown,Asphalt roads,Dry,Daylight,Normal,Vehicle with vehicle collision,1,2,Turnover,na,Not a Pedestrian,Changing lane to the left,Serious Injury
09:25:00,Tuesday,Male,unknown,unknown,unknown,Pick up upto 10Q,Owner,unknown,unknown,Office areas,Two-way (divided with broken lines road marking),Tangent road with flat terrain,unknown,Asphalt roads,Wet or damp,Daylight,Normal,Vehicle with vehicle collision,2,1,Going straight,31-50,Not a Pedestrian,No distancing,Slight Injury
09:25:00,Tuesday,Male,Junior high school,Owner,5-10yr,unknown,Organization,unknown,unknown,Residential areas,other,Tangent road with flat terrain,unknown,Asphalt roads,Wet or damp,Daylight,Normal,Vehicle with vehicle collision,2,1,Going straight,na,Not a Pedestrian,Changing lane to the right,Slight Injury
07:58:00,Thursday,Male,Above high school,Employee,5-10yr,Automobile,Owner,unknown,unknown,Office areas,Two-way (divided with broken lines road marking),Tangent road with flat terrain,unknown,Asphalt roads,Dry,Daylight,Normal,Vehicle with vehicle collision,2,2,Going straight,Under 18,Not a Pedestrian,No distancing,Serious Injury
07:58:00,Thursday,Male,Junior high school,Employee,5-10yr,Public (12 seats),unknown,unknown,unknown, Church areas,Two-way (divided with broken lines road marking),Tangent road with flat terrain,unknown,Asphalt roads,Dry,Daylight,Normal,Vehicle with vehicle collision,2,2,Going straight,31-50,Not a Pedestrian,Driving to the left,Serious Injury
20:15:00,Tuesday,Female,Junior high school,Employee,Above 10yr,Public (13?45 seats),Organization,5-10yrs,unknown,Residential areas,Two-way (divided with broken lines road marking),Tangent road with flat terrain,unknown,Asphalt roads,Dry,Daylight,Normal,Rollover,2,2,Going straight,na,Not a Pedestrian,No distancing,Serious Injury
20:15:00,Tuesday,Male,Junior high school,Employee,1-2yr,Lorry (11?40Q),Owner,Above 10yr,unknown,School areas,other,Tangent road with flat terrain,unknown,Asphalt roads,Dry,Daylight,Normal,Vehicle with vehicle collision,1,1,Going straight,18-30,Not a Pedestrian,Overtaking,Serious Injury
17:10:00,Tuesday,Male,Junior high school,Employee,2-5yr,Stationwagen,Owner,5-10yrs,unknown, Hospital areas,other,Steep grade downward with mountainous terrain,unknown,Earth roads,Wet or damp,Daylight,Normal,Collision with roadside objects,3,4,Going straight,na,Not a Pedestrian,Driving under the influence of drugs,Slight Injury
17:10:00,Tuesday,Male,Junior high school,Employee,Below 1yr,Ridden horse,Owner,2-5yrs,unknown,Other,Undivided Two way,Tangent road with flat terrain,unknown,Asphalt roads,Wet or damp,Daylight,Normal,Collision with pedestrians,3,4,Going straight,31-50,Not a Pedestrian,No priority to pedestrian,Slight Injury
17:10:00,Tuesday,Male,Junior high school,Employee,Above 10yr,Stationwagen,Owner,unknown,unknown,School areas,Double carriageway (median),Tangent road with flat terrain,unknown,unknown,Wet or damp,Daylight,Normal,Vehicle with vehicle collision,3,4,Going straight,na,Not a Pedestrian,Moving Backward,Slight Injury
15:30:00,Saturday,Male,Junior high school,Employee,1-2yr,Automobile,Owner,Above 10yr,No defect,Other,other,Tangent road with flat terrain,unknown,unknown,Wet or damp,Daylight,Normal,Vehicle with vehicle collision,3,4,Other,Over 51,Not a Pedestrian,Changing lane to the right,Slight Injury
15:30:00,Saturday,Male,Above high school,Employee,5-10yr,Automobile,Owner,5-10yrs,unknown, Industrial areas,Undivided Two way,Tangent road with flat terrain,unknown,Asphalt roads,Wet or damp,Daylight,Normal,Vehicle with vehicle collision,2,1,Going straight,na,Not a Pedestrian,Changing lane to the left,Slight Injury
09:47:00,Saturday,Male,Junior high school,Employee,5-10yr,Other,Owner,Unknown,No defect, Church areas,Two-way (divided with broken lines road marking),Tangent road with flat terrain,unknown,Earth roads,Wet or damp,Daylight,Normal,Vehicle with vehicle collision,2,1,Going straight,31-50,Not a Pedestrian,Changing lane to the right,Slight Injury
09:47:00,Saturday,Female,Elementary school,Owner,Below 1yr,Taxi,Owner,unknown,No defect,Office areas,Two-way (divided with broken lines road marking),Tangent road with flat terrain,unknown,Asphalt roads,Dry,Daylight,Other,Vehicle with vehicle collision,2,1,Moving Backward,na,Not a Pedestrian,Driving under the influence of drugs,Slight Injury
09:47:00,Saturday,Male,unknown,unknown,unknown,Automobile,Owner,unknown,No defect,Other,Two-way (divided with broken lines road marking),Tangent road with flat terrain,unknown,Asphalt roads,Dry,Daylight,Other,Vehicle with vehicle collision,2,1,Going straight,18-30,Not a Pedestrian,No priority to vehicle,Slight Injury
11:19:00,Monday,Male,Junior high school,Employee,Above 10yr,Stationwagen,Owner,unknown,No defect,Office areas,Double carriageway (median),Tangent road with flat terrain,unknown,Earth roads,Wet or damp,Daylight,Other,Vehicle with vehicle collision,2,3,Moving Backward,31-50,Not a Pedestrian,No priority to vehicle,Slight Injury
11:19:00,Monday,Male,Junior high school,unknown,unknown,Automobile,Owner,unknown,No defect,Office areas,Double carriageway (median),Tangent road with flat terrain,unknown,Asphalt roads,Wet or damp,Daylight,Other,Collision with roadside objects,2,3,Other,5,Not a Pedestrian,Changing lane to the left,Slight Injury
13:13:00,Friday,Male,Junior high school,Employee,1-2yr,Public (12 seats),Governmental,unknown,No defect,Office areas,Double carriageway (median),Tangent road with flat terrain,unknown,Asphalt roads,Wet or damp,Daylight,Other,Rollover,2,3,Going straight,5,Not a Pedestrian,Changing lane to the right,Slight Injury
13:13:00,Friday,Male,Junior high school,Owner,2-5yr,unknown,Owner,unknown,No defect,Residential areas,Double carriageway (median),Tangent road with flat terrain,unknown,Asphalt roads,Wet or damp,Daylight,Other,Vehicle with vehicle collision,2,3,Reversing,5,Not a Pedestrian,Changing lane to the right,Slight Injury
15:55:00,Thursday,Male,unknown,Employee,unknown,Automobile,Owner,unknown,No defect,Office areas,Double carriageway (median),Tangent road with flat terrain,unknown,Asphalt roads,Dry,Daylight,Normal,Collision with pedestrians,2,1,Going straight,na,Not a Pedestrian,Changing lane to the left,Serious Injury
15:55:00,Thursday,Male,Junior high school,Employee,Above 10yr,Lorry (41?100Q),Owner,2-5yrs,unknown,Other,Undivided Two way,Tangent road with flat terrain,unknown,Asphalt roads,Dry,Daylight,Normal,Vehicle with vehicle collision,2,1,Other,18-30,Not a Pedestrian,Changing lane to the left,Serious Injury
15:55:00,Thursday,Male,Junior high school,Owner,2-5yr,unknown,Owner,2-5yrs,unknown, Industrial areas,One way,unknown,unknown,Asphalt roads,Dry,Daylight,Normal,Vehicle with vehicle collision,1,1,Other,na,Not a Pedestrian,Getting off the vehicle improperly,Serious Injury
10:47:00,Thursday,Male,Junior high school,Employee,5-10yr,Public (> 45 seats),Owner,unknown,No defect,Other,One way,Tangent road with flat terrain,unknown,Asphalt roads,Dry,Daylight,Normal,Collision with pedestrians,3,1,Other,31-50,Not a Pedestrian,Overtaking,Slight Injury
10:47:00,Thursday,Male,Junior high school,Employee,2-5yr,unknown,Owner,unknown,No defect,Office areas,Double carriageway (median),Tangent road with flat terrain,unknown,Asphalt roads,Dry,Daylight,Normal,Collision with pedestrians,3,1,Stopping,na,Not a Pedestrian,Changing lane to the left,Slight Injury
15:00:00,Thursday,Male,Junior high school,Employee,1-2yr,Public (12 seats),Governmental,Unknown,unknown,Office areas,Two-way (divided with broken lines road marking),Tangent road with flat terrain,unknown,Asphalt roads,Dry,Daylight,Normal,Vehicle with vehicle collision,3,1,Other,na,Not a Pedestrian,Driving under the influence of drugs,Slight Injury
15:00:00,Thursday,Male,Junior high school,Employee,5-10yr,Public (12 seats),Governmental,unknown,No defect,unknown,Double carriageway (median),Tangent road with flat terrain,unknown,Asphalt roads,Wet or damp,Daylight,Raining,Vehicle with vehicle collision,2,2,Other,18-30,Not a Pedestrian,Driving carelessly,Slight Injury
18:40:00,Thursday,Male,Junior high school,Employee,2-5yr,Automobile,Owner,unknown,unknown,Other,unknown,Tangent road with flat terrain,unknown,Asphalt roads,Wet or damp,Daylight,Raining,Vehicle with vehicle collision,2,2,Other,Over 51,Not a Pedestrian,Moving Backward,Slight Injury
03:55:00,Monday,Male,Elementary school,Employee,5-10yr,unknown,Owner,Unknown,unknown,Office areas,Double carriageway (median),Tangent road with flat terrain,unknown,Asphalt roads,Dry,Daylight,Normal,Vehicle with vehicle collision,2,1,Going straight,na,Not a Pedestrian,No distancing,Slight Injury
03:55:00,Monday,Male,Above high school,Owner,5-10yr,Automobile,Owner,unknown,No defect,Office areas,Two-way (divided with broken lines road marking),Tangent road with flat terrain,unknown,Asphalt roads with some distress,Dry,Daylight,Normal,Vehicle with vehicle collision,2,1,Going straight,18-30,Not a Pedestrian,No priority to vehicle,Slight Injury
03:55:00,Monday,Male,Junior high school,Employee,2-5yr,Lorry (41?100Q),Owner,5-10yrs,unknown,Office areas,Undivided Two way,Tangent road with flat terrain,unknown,Asphalt roads,Dry,Daylight,Normal,Collision with roadside objects,3,1,Going straight,na,Not a Pedestrian,Overturning,Slight Injury
17:45:00,Sunday,Male,Junior high school,Employee,2-5yr,Public (12 seats),Owner,unknown,unknown,Other,Undivided Two way,Tangent road with flat terrain,unknown,Asphalt roads,Dry,Daylight,Normal,Vehicle with vehicle collision,3,1,Going straight,Over 51,Not a Pedestrian,Changing lane to the left,Slight Injury
17:45:00,Sunday,Male,Junior high school,Employee,2-5yr,Lorry (11?40Q),Owner,unknown,No defect,Other,Undivided Two way,Tangent road with flat terrain,unknown,Asphalt roads,Dry,Daylight,Normal,Vehicle with vehicle collision,3,1,Going straight,na,Not a Pedestrian,No distancing,Slight Injury
17:45:00,Sunday,Male,Junior high school,Employee,5-10yr,Automobile,Owner,unknown,No defect,  Recreational areas,Undivided Two way,Tangent road with flat terrain,unknown,Asphalt roads,Dry,Daylight,Normal,Vehicle with vehicle collision,1,1,Going straight,18-30,Not a Pedestrian,Moving Backward,Slight Injury
17:45:00,Sunday,Male,Junior high school,Employee,1-2yr,Automobile,Owner,unknown,No defect, Church areas,Undivided Two way,Tangent road with flat terrain,unknown,Asphalt roads,Dry,Darkness - lights lit,Normal,Vehicle with vehicle collision,4,1,Going straight,na,Not a Pedestrian,No priority to vehicle,Slight Injury
19:10:00,Friday,Male,Junior high school,Owner,2-5yr,Automobile,Other,1-2yr,No defect,  Recreational areas,other,Tangent road with flat terrain,unknown,Asphalt roads,Dry,Darkness - lights lit,Normal,Vehicle with vehicle collision,4,1,Going straight,18-30,Not a Pedestrian,No priority to vehicle,Slight Injury
10:13:00,Thursday,Male,High school,Owner,2-5yr,Bajaj,Owner,5-10yrs,No defect,School areas,other,Tangent road with flat terrain,unknown,Asphalt roads,Dry,Darkness - lights lit,Normal,Vehicle with vehicle collision,4,1,Going straight,na,Not a Pedestrian,No distancing,Slight Injury
10:13:00,Thursday,Male,unknown,Employee,unknown,Public (12 seats),Owner,unknown,No defect, Church areas,Double carriageway (median),Tangent road with flat terrain,unknown,Asphalt roads,Dry,Darkness - lights lit,Normal,Vehicle with vehicle collision,4,1,Going straight,18-30,Not a Pedestrian,No distancing,Slight Injury
09:48:00,Friday,Male,Junior high school,Owner,1-2yr,Lorry (11?40Q),Owner,5-10yrs,unknown,Office areas,unknown,Tangent road with flat terrain,unknown,Asphalt roads,Dry,Daylight,Normal,Vehicle with vehicle collision,3,3,Going straight,31-50,Not a Pedestrian,Overtaking,Slight Injury
09:48:00,Friday,Male,Junior high school,unknown,Below 1yr,unknown,Owner,2-5yrs,unknown,Residential areas,One way,Steep grade downward with mountainous terrain,unknown,Asphalt roads,Dry,Daylight,Normal,Vehicle with vehicle collision,3,3,Reversing,na,Not a Pedestrian,Driving under the influence of drugs,Slight Injury
16:20:00,Monday,Male,High school,Employee,1-2yr,unknown,Owner,unknown,No defect,Other,One way,Tangent road with flat terrain,unknown,Asphalt roads,Dry,Daylight,Normal,Vehicle with vehicle collision,3,3,Going straight,na,Not a Pedestrian,Changing lane to the right,Slight Injury
16:20:00,Monday,Male,Above high school,Employee,1-2yr,Automobile,Owner,unknown,No defect,Other,Undivided Two way,Tangent road with flat terrain,unknown,Asphalt roads,Dry,Daylight,Normal,Vehicle with vehicle collision,2,1,Other,31-50,Not a Pedestrian,Changing lane to the left,Slight Injury
19:40:00,Thursday,Male,Junior high school,Employee,Above 10yr,Lorry (11?40Q),Governmental,1-2yr,No defect, Industrial areas,One way,Tangent road with flat terrain,unknown,Asphalt roads,Dry,Daylight,Normal,Vehicle with vehicle collision,2,1,unknown,31-50,Not a Pedestrian,Driving carelessly,Slight Injury
16:53:00,Wednesday,Male,High school,Employee,1-2yr,Lorry (41?100Q),Governmental,1-2yr,No defect, Church areas,other,Steep grade downward with mountainous terrain,unknown,Asphalt roads,Dry,Daylight,Normal,Vehicle with vehicle collision,2,1,Getting off,na,Not a Pedestrian,Moving Backward,Slight Injury
12:55:00,Wednesday,Male,Junior high school,Employee,2-5yr,Pick up upto 10Q,Organization,1-2yr,No defect,Office areas,other,Tangent road with flat terrain,unknown,Asphalt roads,Dry,Daylight,Normal,Vehicle with vehicle collision,2,1,Going straight,na,Not a Pedestrian,Moving Backward,Slight Injury
19:32:00,Friday,Male,Above high school,Other,2-5yr,Lorry (11?40Q),Owner,Unknown,No defect,Office areas,Undivided Two way,Tangent road with flat terrain,unknown,Asphalt roads,Dry,Daylight,Normal,Vehicle with vehicle collision,2,1,Going straight,31-50,Not a Pedestrian,Changing lane to the right,Slight Injury
19:32:00,Friday,Male,High school,Employee,Above 10yr,Stationwagen,Owner,unknown,unknown,Office areas,Double carriageway (median),Tangent road with flat terrain,unknown,Asphalt roads,Dry,Daylight,Normal,Collision with roadside objects,2,1,Going straight,18-30,Not a Pedestrian,No priority to vehicle,Slight Injury
17:35:00,Saturday,Male,Elementary school,Employee,5-10yr,Other,Owner,2-5yrs,unknown,Other,Two-way (divided with broken lines road marking),Tangent road with flat terrain,unknown,Asphalt roads,Dry,Daylight,Normal,Vehicle with vehicle collision,2,1,Going straight,18-30,Not a Pedestrian,Driving at high speed,Slight Injury
17:35:00,Saturday,Male,High school,Employee,1-2yr,Other,Owner,unknown,unknown,Office areas,Undivided Two way,Tangent road with flat terrain,unknown,Asphalt roads,Dry,Daylight,Normal,Vehicle with vehicle collision,2,1,Turnover,Over 51,Not a Pedestrian,Driving under the influence of drugs,Slight Injury
17:35:00,Saturday,Male,High school,Employee,5-10yr,Lorry (11?40Q),Owner,unknown,No defect,Other,Double carriageway (median),Tangent road with flat terrain,unknown,Gravel roads,Dry,Daylight,Normal,Vehicle with vehicle collision,1,1,Entering a junction,31-50,Crossing from nearside - masked by parked or statioNot a Pedestrianry vehicle,Changing lane to the right,Serious Injury
18:40:00,Tuesday,Male,High school,Employee,2-5yr,unknown,Owner,Above 10yr,No defect, Industrial areas,Two-way (divided with broken lines road marking),Tangent road with flat terrain,unknown,Asphalt roads,Dry,Daylight,Normal,Vehicle with vehicle collision,2,1,Entering a junction,na,Not a Pedestrian,Driving carelessly,Slight Injury
18:40:00,Tuesday,Male,Junior high school,Employee,1-2yr,Automobile,Owner,unknown,No defect,Residential areas,other,Tangent road with flat terrain,unknown,Asphalt roads,Dry,Daylight,Normal,Collision with pedestrians,2,1,Entering a junction,31-50,Not a Pedestrian,No distancing,Slight Injury
15:47:00,Thursday,Male,Above high school,Employee,Above 10yr,Lorry (41?100Q),Owner,unknown,No defect,Other,Two-way (divided with broken lines road marking),Tangent road with flat terrain,unknown,Asphalt roads,Dry,Daylight,Normal,Vehicle with vehicle collision,3,1,Entering a junction,31-50,Not a Pedestrian,Changing lane to the left,Slight Injury
14:57:00,Sunday,Male,Above high school,Employee,2-5yr,Other,Owner,5-10yrs,unknown,Other,One way,Tangent road with flat terrain,unknown,Asphalt roads,Dry,Daylight,Normal,Vehicle with vehicle collision,3,1,Other,na,Not a Pedestrian,No distancing,Slight Injury
17:25:00,Friday,Male,Elementary school,Employee,5-10yr,Lorry (41?100Q),Owner,1-2yr,No defect,Other,One way,Tangent road with flat terrain,unknown,Asphalt roads,Dry,Daylight,Normal,Vehicle with vehicle collision,3,1,Entering a junction,18-30,Not a Pedestrian,No distancing,Slight Injury