Time,Day_of_week,Sex_of_driver,Educational_level,Vehicle_driver_relation,Driving_experience,Type_of_vehicle,Owner_of_vehicle,Service_year_of_vehicle,Defect_of_vehicle,Area_accident_occured,Lanes_or_Medians,Road_allignment,Types_of_Junction,Road_surface_type,Road_surface_conditions,Light_conditions,Weather_conditions,Type_of_collision,Number_of_vehicles_involved,Number_of_casualties,Vehicle_movement,Age_band_of_casualty,Pedestrian_movement,Cause_of_accident,Accident_severity
17:46:00,Thursday,Male,Junior high school,Employee,Below 1yr,Lorry (41?100Q),Owner,Unknown,unknown,Office areas,Undivided Two way,Tangent road with flat terrain,Y Shape,Asphalt roads,Dry,Daylight,Normal,Vehicle with vehicle collision,2,1,Going straight,Over 51,Not a Pedestrian,Moving Backward,Slight Injury
14:20:00,Friday,Male,Junior high school,Employee,2-5yr,Public (12 seats),Owner,unknown,unknown,Other,Undivided Two way,Tangent road with flat terrain,No junction,Asphalt roads,Dry,Daylight,Normal,Vehicle with vehicle collision,1,1,U-Turn,31-50,Crossing from nearside - masked by parked or statioNot a Pedestrianry vehicle,Moving Backward,Serious Injury
12:15:00,Sunday,Male,Junior high school,Employee,2-5yr,Lorry (41?100Q),Owner,2-5yrs,unknown,Other,Two-way (divided with broken lines road marking),Tangent road with flat terrain,Crossing,Asphalt roads,Dry,Daylight,Normal,unknown,2,1,Stopping,na,Not a Pedestrian,Getting off the vehicle improperly,Slight Injury
12:15:00,Sunday,Male,Elementary school,Employee,5-10yr,Lorry (41?100Q),Owner,unknown,unknown,Office areas,Undivided Two way,Tangent road with flat terrain,Y Shape,Asphalt roads,Dry,Daylight,Normal,Collision with pedestrians,2,1,Going straight,31-50,Not a Pedestrian,Changing lane to the left,Slight Injury
07:40:00,Tuesday,Male,Junior high school,Employee,Above 10yr,Public (12 seats),Owner,unknown,No defect,Other,Double carriageway (median),Tangent road with flat terrain,Y Shape,Asphalt roads,Dry,Daylight,Normal,Vehicle with vehicle collision,3,1,Moving Backward,31-50,Not a Pedestrian,Changing lane to the left,Slight Injury
16:10:00,Wednesday,Male,unknown,unknown,unknown,Public (> 45 seats),Owner,unknown,unknown, Church areas,other,Tangent road with flat terrain,Y Shape,Asphalt roads,Dry,Daylight,Normal,Vehicle with vehicle collision,3,1,Getting off,na,Not a Pedestrian,No priority to vehicle,Slight Injury
08:35:00,Wednesday,Male,Junior high school,Employee,2-5yr,Automobile,Owner,unknown,No defect,Office areas,Two-way (divided with broken lines road marking),Tangent road with flat terrain,Y Shape,Asphalt roads,Dry,Daylight,Normal,Vehicle with vehicle collision,3,1,Going straight,18-30,Not a Pedestrian,Changing lane to the right,Slight Injury
08:35:00,Wednesday,Male,Junior high school,Employee,5-10yr,Pick up upto 10Q,Owner,Above 10yr,No defect,Office areas,Two-way (divided with broken lines road marking),Tangent road with flat terrain,Y Shape,Asphalt roads,Dry,Daylight,Normal,Collision with pedestrians,1,1,Going straight,na,Not a Pedestrian,Changing lane to the right,Slight Injury
08:40:00,Wednesday,Male,Above high school,Employee,2-5yr,Stationwagen,Owner,2-5yrs,unknown,Other,Undivided Two way,Tangent road with mountainous terrain and,Y Shape,Asphalt roads,Dry,Daylight,Normal,Collision with roadside objects,2,1,Turnover,na,Not a Pedestrian,Driving carelessly,Slight Injury
18:49:00,Tuesday,Male,unknown,unknown,unknown,Other,Owner,2-5yrs,unknown,Residential areas,Undivided Two way,Tangent road with flat terrain,Y Shape,Asphalt roads,Dry,Daylight,Normal,unknown,2,1,Moving Backward,18-30,Not a Pedestrian,Changing lane to the left,Slight Injury
12:46:00,Friday,Male,unknown,Employee,1-2yr,Automobile,Owner,Unknown,No defect,Residential areas,Undivided Two way,Tangent road with flat terrain,Y Shape,Asphalt roads,Dry,Daylight,Normal,Vehicle with vehicle collision,1,2,Going straight,18-30,Unknown or other,Changing lane to the right,Serious Injury
12:46:00,Friday,Female,Junior high school,Employee,2-5yr,Automobile,Owner,5-10yrs,7,unknown,Two-way (divided with broken lines road marking),Tangent road with flat terrain,Other,Asphalt roads,Dry,Daylight,Normal,unknown,1,2,Moving Backward,na,Not a Pedestrian,Driving under the influence of drugs,Serious Injury
07:40:00,Wednesday,Male,Junior high school,Employee,Above 10yr,Stationwagen,Owner,Unknown,7,Other,other,Tangent road with flat terrain,Other,Asphalt roads,Dry,Daylight,Normal,unknown,3,1,Going straight,31-50,Not a Pedestrian,Driving carelessly,Slight Injury
07:40:00,Wednesday,Male,Junior high school,Employee,Below 1yr,Pick up upto 10Q,Owner,Unknown,No defect,Office areas,unknown,Steep grade downward with mountainous terrain,No junction,Asphalt roads,Dry,Daylight,Normal,unknown,3,1,unknown,na,Not a Pedestrian,No distancing,Slight Injury
06:00:00,Sunday,Male,Junior high school,Employee,2-5yr,Lorry (41?100Q),Governmental,Unknown,No defect,School areas,Double carriageway (median),Tangent road with flat terrain,No junction,Asphalt roads,Dry,Daylight,Normal,Vehicle with vehicle collision,3,1,Going straight,31-50,Not a Pedestrian,No priority to vehicle,Slight Injury
06:00:00,Sunday,Male,Junior high school,Employee,Below 1yr,Automobile,Owner,Unknown,No defect,Other,Two-way (divided with broken lines road marking),Steep grade downward with mountainous terrain,Unknown,Asphalt roads,Dry,Daylight,Normal,Vehicle with vehicle collision,2,1,unknown,18-30,Not a Pedestrian,No priority to vehicle,Slight Injury
15:00:00,Saturday,Male,High school,Employee,5-10yr,unknown,Owner,5-10yrs,No defect,Other,Two-way (divided with broken lines road marking),Tangent road with rolling terrain,Unknown,Asphalt roads,Dry,Daylight,Normal,Collision with roadside objects,2,1,Going straight,na,Not a Pedestrian,No priority to vehicle,Slight Injury
18:02:00,Wednesday,Male,Above high school,Employee,1-2yr,Lorry (41?100Q),Governmental,Unknown,No defect, Church areas,Two-way (divided with broken lines road marking),Tangent road with flat terrain,Y Shape,Asphalt roads,Dry,Daylight,Normal,Collision with roadside objects,2,1,unknown,18-30,Not a Pedestrian,Changing lane to the left,Slight Injury
21:25:00,Thursday,Male,Junior high school,Employee,Below 1yr,Lorry (41?100Q),unknown,unknown,unknown,Office areas,unknown,Tangent road with mild grade and flat terrain,Y Shape,Asphalt roads,Dry,Daylight,Normal,Vehicle with vehicle collision,2,1,Going straight,na,Not a Pedestrian,Moving Backward,Slight Injury
21:25:00,Thursday,Male,unknown,unknown,unknown,Lorry (41?100Q),Owner,unknown,unknown,Other,Two-way (divided with broken lines road marking),Tangent road with mild grade and flat terrain,Y Shape,Asphalt roads,Dry,Daylight,Normal,Vehicle with vehicle collision,3,1,Going straight,5,Not a Pedestrian,Driving carelessly,Slight Injury
21:25:00,Thursday,Male,High school,Employee,Below 1yr,Pick up upto 10Q,Governmental,unknown,No defect,Residential areas,Double carriageway (median),Tangent road with flat terrain,No junction,Asphalt roads,Dry,Daylight,Normal,Vehicle with vehicle collision,3,1,Going straight,18-30,Not a Pedestrian,Driving under the influence of drugs,Slight Injury
16:55:00,Friday,Female,High school,Employee,Below 1yr,Pick up upto 10Q,Owner,unknown,unknown,Office areas,Two-way (divided with broken lines road marking),Tangent road with flat terrain,Crossing,Asphalt roads,Dry,Daylight,Normal,Vehicle with vehicle collision,3,1,Going straight,na,Not a Pedestrian,Changing lane to the right,Slight Injury
16:55:00,Friday,Female,unknown,unknown,unknown,Automobile,Owner,unknown,unknown,Office areas,Undivided Two way,Tangent road with flat terrain,Crossing,Asphalt roads,Dry,Daylight,Normal,Vehicle with vehicle collision,2,1,Going straight,18-30,Not a Pedestrian,No priority to vehicle,Slight Injury
16:55:00,Friday,Male,High school,Employee,2-5yr,Other,Owner,Below 1yr,unknown,Office areas,Two-way (divided with broken lines road marking),Tangent road with flat terrain,Y Shape,Asphalt roads,Dry,Daylight,Normal,Rollover,2,1,Other,na,Not a Pedestrian,Changing lane to the right,Slight Injury
16:55:00,Friday,Male,Junior high school,Employee,Above 10yr,unknown,Organization,1-2yr,unknown, Church areas,unknown,Tangent road with flat terrain,Unknown,Asphalt roads,Dry,Darkness - lights lit,Normal,Vehicle with vehicle collision,1,2,Other,18-30,Not a Pedestrian,Driving to the left,Serious Injury
16:55:00,Friday,Male,Junior high school,Employee,Above 10yr,Automobile,Owner,unknown,unknown,Office areas,Two-way (divided with broken lines road marking),Tangent road with flat terrain,Unknown,Asphalt roads,Dry,Darkness - lights lit,Normal,Collision with roadside objects,1,2,Going straight,18-30,Crossing from nearside - masked by parked or statioNot a Pedestrianry vehicle,Moving Backward,Serious Injury
20:15:00,Monday,Male,Junior high school,Employee,5-10yr,Motorcycle,Owner,1-2yr,unknown,Office areas,Two-way (divided with broken lines road marking),Tangent road with mild grade and flat terrain,Y Shape,Asphalt roads,Dry,Daylight,Normal,Collision with pedestrians,3,1,Going straight,18-30,Not a Pedestrian,No priority to vehicle,Slight Injury
20:15:00,Monday,Male,Junior high school,Employee,1-2yr,Automobile,Owner,unknown,unknown,Office areas,Two-way (divided with broken lines road marking),Tangent road with mild grade and flat terrain,Y Shape,Asphalt roads,Dry,Daylight,Normal,Vehicle with vehicle collision,3,1,Getting off,na,Not a Pedestrian,No distancing,Slight Injury
20:15:00,Monday,Male,Unknown,Employee,Below 1yr,Automobile,Owner,5-10yrs,No defect,Office areas,Two-way (divided with broken lines road marking),Tangent road with flat terrain,No junction,Asphalt roads,Dry,Daylight,Normal,Vehicle with vehicle collision,3,1,Going straight,18-30,Not a Pedestrian,Driving carelessly,Slight Injury
15:30:00,Tuesday,Male,Junior high school,Employee,Below 1yr,Public (12 seats),Owner,unknown,No defect,Other,Two-way (divided with broken lines road marking),Tangent road with flat terrain,Y Shape,Asphalt roads,Dry,Darkness - lights lit,Normal,Vehicle with vehicle collision,2,2,Going straight,18-30,Not a Pedestrian,Changing lane to the left,Slight Injury
20:17:00,Thursday,Male,High school,Employee,2-5yr,Long lorry,Owner,unknown,No defect,Residential areas,Double carriageway (median),Tangent road with flat terrain,Y Shape,Asphalt roads,Dry,Darkness - lights lit,Normal,Vehicle with vehicle collision,2,2,Going straight,na,Not a Pedestrian,No priority to vehicle,Slight Injury
20:17:00,Thursday,Male,Junior high school,Owner,1-2yr,Automobile,Owner,unknown,No defect, Church areas,Undivided Two way,Tangent road with flat terrain,Y Shape,Asphalt roads,Dry,Daylight,Normal,Vehicle with vehicle collision,1,2,Going straight,31-50,Not a Pedestrian,No priority to vehicle,Serious Injury
13:07:00,Sunday,Male,Junior high school,Employee,5-10yr,Automobile,Owner,unknown,No defect,Other,Two-way (divided with broken lines road marking),Tangent road with flat terrain,Y Shape,Asphalt roads,Dry,Daylight,Normal,Vehicle with vehicle collision,1,2,Going straight,na,Not a Pedestrian,No distancing,Serious Injury
13:07:00,Sunday,Male,Elementary school,Employee,2-5yr,Public (> 45 seats),Owner,unknown,No defect,  Recreational areas,Two-way (divided with broken lines road marking),Tangent road with flat terrain,Y Shape,Asphalt roads,Dry,Daylight,Normal,Vehicle with vehicle collision,2,1,Getting off,na,Not a Pedestrian,Driving to the left,Slight Injury
13:07:00,Sunday,Male,Elementary school,Owner,5-10yr,Pick up upto 10Q,unknown,unknown,unknown,unknown,unknown,Tangent road with flat terrain,Y Shape,Asphalt roads,Dry,Daylight,Normal,Collision with roadside objects,2,1,Going straight,18-30,Not a Pedestrian,Driving carelessly,Slight Injury
16:30:00,Tuesday,Male,Junior high school,Employee,Above 10yr,Lorry (41?100Q),Owner,Unknown,No defect, Industrial areas,Undivided Two way,Tangent road with mild grade and flat terrain,Y Shape,Asphalt roads,Dry,Darkness - lights lit,Normal,Rollover,1,1,Going straight,31-50,Not a Pedestrian,Driving carelessly,Fatal injury
16:30:00,Tuesday,Male,Junior high school,Employee,5-10yr,Automobile,Owner,unknown,No defect,Other,Two-way (divided with broken lines road marking),Tangent road with flat terrain,Y Shape,Asphalt roads,Dry,Daylight,Normal,Vehicle with vehicle collision,1,1,Other,18-30,Not a Pedestrian,Changing lane to the right,Slight Injury
15:18:00,Monday,Male,High school,Employee,5-10yr,Public (13?45 seats),Owner,Unknown,unknown,Other,other,Tangent road with flat terrain,Y Shape,Asphalt roads,Dry,Daylight,Normal,Collision with pedestrians,2,2,Going straight,Under 18,Not a Pedestrian,Driving carelessly,Slight Injury
17:40:00,Wednesday,Male,Junior high school,Employee,5-10yr,Automobile,Owner,5-10yrs,No defect, Church areas,other,Tangent road with flat terrain,Y Shape,Asphalt roads,Dry,Daylight,Normal,Vehicle with vehicle collision,2,2,Going straight,18-30,Not a Pedestrian,Changing lane to the left,Slight Injury
18:32:00,Tuesday,Male,Junior high school,Employee,Above 10yr,Public (> 45 seats),Owner,5-10yrs,No defect, Church areas,Undivided Two way,Tangent road with flat terrain,O Shape,Asphalt roads,Dry,Daylight,Normal,Vehicle with vehicle collision,2,1,Going straight,na,Not a Pedestrian,Driving carelessly,Slight Injury
18:32:00,Tuesday,Male,Junior high school,unknown,1-2yr,Public (12 seats),Owner,unknown,No defect,Other,Two-way (divided with broken lines road marking),Tangent road with flat terrain,O Shape,Asphalt roads,Dry,Daylight,Normal,Collision with pedestrians,2,1,Going straight,na,Not a Pedestrian,Driving carelessly,Slight Injury
18:32:00,Tuesday,Male,Junior high school,Employee,2-5yr,Automobile,Owner,unknown,No defect,Other,One way,Tangent road with flat terrain,O Shape,Asphalt roads,Wet or damp,Daylight,Raining,Collision with pedestrians,2,4,Going straight,Under 18,Not a Pedestrian,Driving under the influence of drugs,Fatal injury
18:32:00,Tuesday,Male,Junior high school,Employee,1-2yr,Lorry (41?100Q),Governmental,2-5yrs,unknown,  Recreational areas,Two-way (divided with broken lines road marking),Tangent road with flat terrain,No junction,unknown,Wet or damp,Daylight,Raining,Vehicle with vehicle collision,2,4,Reversing,18-30,Not a Pedestrian,Driving carelessly,Fatal injury
18:35:00,Saturday,Male,unknown,unknown,unknown,Automobile,Owner,2-5yrs,unknown,Other,Undivided Two way,Tangent road with flat terrain,Y Shape,Asphalt roads,Wet or damp,Daylight,Raining,Vehicle with vehicle collision,2,4,Other,na,Not a Pedestrian,No distancing,Fatal injury
18:35:00,Saturday,Male,Elementary school,Employee,5-10yr,Pick up upto 10Q,Owner,5-10yrs,unknown,Office areas,Undivided Two way,Tangent road with flat terrain,Y Shape,Asphalt roads,Wet or damp,Daylight,Raining,Vehicle with vehicle collision,2,4,Going straight,Over 51,Not a Pedestrian,Driving carelessly,Fatal injury
12:10:00,Friday,Male,Junior high school,Employee,5-10yr,Public (12 seats),Owner,5-10yrs,No defect, Church areas,Two-way (divided with broken lines road marking),Tangent road with flat terrain,Y Shape,Asphalt roads,Dry,Daylight,Normal,Vehicle with vehicle collision,1,1,Going straight,na,Not a Pedestrian,Driving to the left,Slight Injury
12:10:00,Friday,Male,Junior high school,Employee,Above 10yr,Automobile,Owner,2-5yrs,unknown,Office areas,Two-way (divided with broken lines road marking),Tangent road with flat terrain,Y Shape,Asphalt roads,Dry,Daylight,Normal,Vehicle with vehicle collision,1,1,Going straight,Over 51,Not a Pedestrian,Overtaking,Slight Injury
15:08:00,Monday,Male,Junior high school,Employee,2-5yr,Automobile,unknown,unknown,No defect,Office areas,Undivided Two way,Tangent road with mountainous terrain and,No junction,Asphalt roads,Dry,Daylight,Normal,Collision with roadside objects,2,1,Going straight,na,Not a Pedestrian,No distancing,Slight Injury
15:08:00,Monday,Male,Junior high school,Owner,Above 10yr,Automobile,Owner,2-5yrs,No defect,Other,Undivided Two way,Tangent road with flat terrain,No junction,Asphalt roads,Wet or damp,Daylight,Raining,Vehicle with vehicle collision,2,1,Going straight,18-30,Not a Pedestrian,Driving carelessly,Slight Injury
15:08:00,Monday,Male,Junior high school,Employee,2-5yr,Stationwagen,Governmental,unknown,unknown,Residential areas,Two-way (divided with broken lines road marking),Tangent road with flat terrain,No junction,Asphalt roads,Wet or damp,Darkness - lights lit,Other,Vehicle with vehicle collision,2,1,Going straight,na,Not a Pedestrian,No priority to vehicle,Slight Injury
15:08:00,Monday,Male,Elementary school,Other,5-10yr,Other,Owner,2-5yrs,No defect,Office areas,Two-way (divided with broken lines road marking),Tangent road with mild grade and flat terrain,Y Shape,Asphalt roads,Wet or damp,Darkness - lights lit,Other,Vehicle with vehicle collision,2,1,Going straight,na,Not a Pedestrian,No priority to vehicle,Slight Injury
08:54:00,Thursday,Male,Elementary school,Employee,5-10yr,Other,Owner,2-5yrs,unknown,Residential areas,other,Tangent road with flat terrain,Y Shape,Asphalt roads,Dry,Daylight,Normal,Vehicle with vehicle collision,2,1,Going straight,na,Not a Pedestrian,No priority to vehicle,Slight Injury
16:51:00,Wednesday,Male,Junior high school,unknown,5-10yr,Other,Owner,Unknown,No defect,Residential areas,Two-way (divided with broken lines road marking),Tangent road with flat terrain,Y Shape,Asphalt roads,Dry,Daylight,Normal,Vehicle with vehicle collision,2,1,Going straight,18-30,Not a Pedestrian,No priority to vehicle,Slight Injury
19:02:00,Saturday,Male,Junior high school,Employee,5-10yr,Public (13?45 seats),Owner,unknown,No defect,Other,Double carriageway (median),Tangent road with flat terrain,Y Shape,Asphalt roads,Wet or damp,Daylight,Raining,Vehicle with vehicle collision,2,2,Moving Backward,31-50,Not a Pedestrian,No distancing,Slight Injury
19:02:00,Saturday,Male,Elementary school,Employee,Above 10yr,Lorry (41?100Q),Owner,unknown,No defect, Hospital areas,One way,Tangent road with flat terrain,Y Shape,Asphalt roads,Wet or damp,Daylight,Raining,Vehicle with vehicle collision,2,2,Moving Backward,na,Not a Pedestrian,Moving Backward,Slight Injury
08:10:00,Monday,Male,Junior high school,unknown,Below 1yr,Public (12 seats),Governmental,unknown,No defect,Other,Undivided Two way,Tangent road with flat terrain,Y Shape,Asphalt roads,Dry,Daylight,Normal,Vehicle with vehicle collision,3,1,Turnover,18-30,Not a Pedestrian,No distancing,Slight Injury
08:10:00,Monday,Male,Junior high school,Employee,5-10yr,Automobile,Owner,unknown,No defect,Other,Undivided Two way,Tangent road with flat terrain,No junction,Asphalt roads,Dry,Daylight,Normal,Vehicle with vehicle collision,3,1,Other,na,Not a Pedestrian,Changing lane to the left,Slight Injury
17:50:00,Saturday,Male,Elementary school,Employee,1-2yr,Automobile,Owner,unknown,No defect,  Recreational areas,One way,Tangent road with mild grade and flat terrain,No junction,Asphalt roads,Dry,Daylight,Normal,Vehicle with vehicle collision,3,1,Other,18-30,Not a Pedestrian,Changing lane to the left,Slight Injury
17:50:00,Saturday,Male,unknown,unknown,unknown,Stationwagen,Owner,unknown,No defect,Other,Undivided Two way,Tangent road with flat terrain,Y Shape,Asphalt roads,Dry,Daylight,Normal,Vehicle with vehicle collision,2,1,Going straight,na,Not a Pedestrian,No priority to pedestrian,Slight Injury
20:51:00,Tuesday,Male,Junior high school,Employee,Above 10yr,Lorry (41?100Q),Owner,unknown,No defect,Other,Undivided Two way,Tangent road with flat terrain,Y Shape,Asphalt roads,Dry,Daylight,Normal,Vehicle with vehicle collision,2,1,Going straight,5,Not a Pedestrian,Moving Backward,Slight Injury
14:00:00,Saturday,Male,High school,Owner,2-5yr,Lorry (41?100Q),Owner,unknown,No defect,Other,Undivided Two way,Tangent road with flat terrain,O Shape,Asphalt roads,Dry,Daylight,Normal,Vehicle with vehicle collision,1,1,Other,na,Not a Pedestrian,Changing lane to the left,Slight Injury
14:00:00,Saturday,Male,Junior high school,Employee,1-2yr,Lorry (41?100Q),Owner,Below 1yr,No defect,Office areas,Two-way (divided with broken lines road marking),Tangent road with flat terrain,O Shape,Asphalt roads,Dry,Daylight,Normal,Vehicle with vehicle collision,1,1,Other,na,Not a Pedestrian,No distancing,Serious Injury
14:43:00,Friday,Male,Junior high school,Employee,1-2yr,Public (> 45 seats),Owner,2-5yrs,No defect,Other,Two-way (divided with broken lines road marking),Tangent road with mild grade and flat terrain,Y Shape,Asphalt roads,Dry,Daylight,Normal,Vehicle with vehicle collision,1,1,Going straight,18-30,Not a Pedestrian,No priority to vehicle,Slight Injury
16:26:00,Tuesday,Male,Above high school,Owner,2-5yr,Public (12 seats),Owner,unknown,No defect,Residential areas,Two-way (divided with broken lines road marking),Tangent road with flat terrain,Y Shape,Asphalt roads,Dry,Daylight,Normal,Collision with roadside objects,2,1,Reversing,na,Not a Pedestrian,Changing lane to the right,Slight Injury
16:26:00,Tuesday,Male,unknown,unknown,unknown,Other,Owner,5-10yrs,No defect,Other,Undivided Two way,Tangent road with flat terrain,No junction,Asphalt roads,Dry,Daylight,Normal,Vehicle with vehicle collision,2,1,Other,31-50,Not a Pedestrian,No distancing,Slight Injury
13:54:00,Saturday,Male,Elementary school,Owner,2-5yr,Public (12 seats),Owner,Unknown,No defect,Other,Undivided Two way,Tangent road with flat terrain,No junction,Asphalt roads,Dry,Daylight,Normal,Vehicle with vehicle collision,1,1,Turnover,na,Not a Pedestrian,No distancing,Slight Injury
13:54:00,Saturday,Male,Junior high school,Employee,1-2yr,Other,Owner,unknown,unknown, Church areas,Undivided Two way,Tangent road with flat terrain,No junction,Asphalt roads,Dry,Daylight,Normal,Vehicle with vehicle collision,2,1,Going straight,5,Not a Pedestrian,Getting off the vehicle improperly,Slight Injury
13:54:00,Saturday,Male,unknown,Owner,5-10yr,Public (12 seats),Owner,1-2yr,5,Office areas,Undivided Two way,Tangent road with flat terrain,No junction,Asphalt roads,Dry,Daylight,Normal,Vehicle with vehicle collision,2,1,Going straight,na,Not a Pedestrian,No priority to pedestrian,Slight Injury
15:31:00,Monday,Male,Junior high school,Employee,Below 1yr,Stationwagen,Owner,Above 10yr,No defect,School areas,other,Tangent road with flat terrain,Y Shape,Asphalt roads,Dry,Daylight,Normal,Collision with pedestrians,1,1,Going straight,18-30,Not a Pedestrian,Changing lane to the left,Slight Injury
15:31:00,Monday,Male,Junior high school,Employee,2-5yr,Automobile,Owner,2-5yrs,No defect,Other,Undivided Two way,Tangent road with flat terrain,Y Shape,Asphalt roads,Wet or damp,Daylight,Raining,Vehicle with vehicle collision,2,4,Going straight,5,Not a Pedestrian,No distancing,Slight Injury
12:30:00,Thursday,Male,Junior high school,Employee,5-10yr,Lorry (41?100Q),Owner,1-2yr,No defect,Office areas,Undivided Two way,Tangent road with flat terrain,Y Shape,Asphalt roads,Wet or damp,Daylight,Raining,Vehicle with vehicle collision,2,4,Going straight,na,Not a Pedestrian,Driving carelessly,Slight Injury
18:45:00,Wednesday,Male,Junior high school,Employee,Above 10yr,Special vehicle,Owner,1-2yr,No defect,Residential areas,other,Steep grade downward with mountainous terrain,Y Shape,Gravel roads,Wet or damp,Daylight,Raining,Vehicle with vehicle collision,2,4,Going straight,18-30,Not a Pedestrian,No distancing,Slight Injury
18:45:00,Wednesday,Male,Elementary school,Employee,2-5yr,Lorry (41?100Q),Owner,1-2yr,No defect, Industrial areas,One way,Tangent road with flat terrain,Y Shape,Asphalt roads,Wet or damp,Daylight,Raining,Vehicle with vehicle collision,2,4,Going straight,na,Not a Pedestrian,Changing lane to the right,Slight Injury
19:12:00,Tuesday,Male,Elementary school,Owner,Above 10yr,Lorry (41?100Q),Owner,2-5yrs,No defect,Other,Undivided Two way,Tangent road with flat terrain,Y Shape,Asphalt roads,Dry,Daylight,Normal,Vehicle with vehicle collision,1,1,Going straight,31-50,Not a Pedestrian,Overtaking,Serious Injury
17:25:00,Friday,Male,Junior high school,Employee,1-2yr,Public (> 45 seats),Owner,1-2yr,No defect,Residential areas,Undivided Two way,Tangent road with flat terrain,Y Shape,Asphalt roads,Dry,Daylight,Unknown,Vehicle with vehicle collision,1,1,Going straight,na,Not a Pedestrian,Driving carelessly,Serious Injury
17:25:00,Friday,Male,Junior high school,Employee,5-10yr,Automobile,Owner,1-2yr,No defect,  Recreational areas,Two-way (divided with broken lines road marking),Tangent road with flat terrain,Y Shape,Asphalt roads,Wet or damp,Darkness - no lighting,Raining,Vehicle with vehicle collision,1,1,Other,na,Not a Pedestrian,Moving Backward,Serious Injury
12:48:00,Friday,Male,Junior high school,Employee,2-5yr,Automobile,Owner,Unknown,7,Office areas,other,Tangent road with flat terrain,Crossing,Asphalt roads,Dry,Daylight,Normal,Vehicle with vehicle collision,2,1,Going straight,Over 51,Not a Pedestrian,No distancing,Slight Injury
07:10:00,Friday,Male,Junior high school,Employee,2-5yr,Automobile,Owner,unknown,No defect, Outside rural areas,Two-way (divided with broken lines road marking),Tangent road with flat terrain,Other,Asphalt roads,Dry,Daylight,Normal,Collision with pedestrians,2,1,Going straight,Over 51,Not a Pedestrian,Overtaking,Slight Injury
07:10:00,Friday,Male,Junior high school,Employee,2-5yr,Public (> 45 seats),Owner,1-2yr,No defect, Outside rural areas,Two-way (divided with broken lines road marking),Tangent road with flat terrain,Other,Asphalt roads,Dry,Daylight,Normal,Vehicle with vehicle collision,2,1,Moving Backward,Over 51,Not a Pedestrian,Driving carelessly,Slight Injury
17:10:00,Friday,Male,Junior high school,Employee,2-5yr,Lorry (11?40Q),Owner,1-2yr,No defect, Outside rural areas,Undivided Two way,Tangent road with flat terrain,Other,Asphalt roads,Dry,Daylight,Normal,Vehicle with vehicle collision,2,1,Going straight,na,Not a Pedestrian,Driving carelessly,Slight Injury
17:10:00,Friday,Male,Junior high school,Employee,Above 10yr,Pick up upto 10Q,Governmental,Below 1yr,No defect, Outside rural areas,Undivided Two way,Tangent road with flat terrain,Other,Asphalt roads,Dry,Daylight,Normal,Vehicle with vehicle collision,1,1,Moving Backward,na,Not a Pedestrian,Moving Backward,Slight Injury
17:10:00,Friday,Male,Junior high school,Employee,Above 10yr,Lorry (11?40Q),Owner,unknown,No defect, Outside rural areas,other,Steep grade downward with mountainous terrain,No junction,Asphalt roads with some distress,Wet or damp,Darkness - lights lit,Normal,Vehicle with vehicle collision,2,2,Other,na,Not a Pedestrian,Driving carelessly,Slight Injury
09:05:00,Friday,Female,Elementary school,Employee,5-10yr,Pick up upto 10Q,Owner,unknown,No defect,School areas,other,Steep grade downward with mountainous terrain,No junction,Asphalt roads,Wet or damp,Darkness - lights lit,Normal,Collision with roadside objects,2,2,Going straight,18-30,Not a Pedestrian,Driving to the left,Slight Injury
09:05:00,Friday,Male,unknown,Employee,unknown,Special vehicle,Owner,Above 10yr,No defect, Outside rural areas,Two-way (divided with broken lines road marking),Tangent road with flat terrain,No junction,Asphalt roads,Dry,Daylight,Normal,Vehicle with vehicle collision,1,1,Reversing,Over 51,Not a Pedestrian,Changing lane to the left,Serious Injury
16:15:00,Wednesday,Male,unknown,Employee,2-5yr,Lorry (11?40Q),Owner,unknown,No defect, Outside rural areas,Undivided Two way,Tangent road with flat terrain,No junction,Asphalt roads,Dry,Daylight,Normal,Vehicle with vehicle collision,2,1,Going straight,na,Not a Pedestrian,No distancing,Slight Injury
18:00:00,Sunday,Male,Elementary school,Employee,5-10yr,Automobile,Owner,unknown,No defect, Outside rural areas,Two-way (divided with broken lines road marking),Escarpments,No junction,Asphalt roads,Dry,Daylight,Normal,Vehicle with vehicle collision,2,1,Other,na,Not a Pedestrian,No distancing,Slight Injury
13:55:00,Sunday,Male,Junior high school,Employee,5-10yr,Bajaj,Owner,2-5yrs,No defect, Outside rural areas,Two-way (divided with broken lines road marking),Tangent road with mountainous terrain and,No junction,Asphalt roads,Dry,Daylight,Normal,Vehicle with vehicle collision,1,1,Other,31-50,Not a Pedestrian,Changing lane to the right,Serious Injury
13:55:00,Sunday,Female,Junior high school,Employee,Above 10yr,Lorry (41?100Q),Owner,2-5yrs,No defect,Office areas,Undivided Two way,Tangent road with mountainous terrain and,No junction,Asphalt roads,Dry,Darkness - lights lit,Normal,Vehicle with vehicle collision,2,1,Other,na,Not a Pedestrian,Driving under the influence of drugs,Slight Injury
13:55:00,Sunday,Male,Junior high school,Employee,5-10yr,Other,Owner,2-5yrs,No defect, Outside rural areas,Undivided Two way,Tangent road with mountainous terrain and,O Shape,Asphalt roads,Dry,Darkness - lights lit,Normal,Vehicle with vehicle collision,2,1,Stopping,5,Crossing from nearside - masked by parked or statioNot a Pedestrianry vehicle,Changing lane to the right,Slight Injury